"""%s"" coupon code is not valid.","O código de cupão ""%s"" não é válido."
"%s","% s"
"%s / %s rate:","%s / %s taxa:"
"%s for %s","%s para %s"
"%s order(s) cannot be canceled","%s encomenda(s) não podem ser canceladas"
"%s order(s) have been canceled.","%s encomenda(s) foram canceladas."
"%s order(s) have been put on hold.","%s encomenda(s) foram colocadas em espera."
"%s order(s) have been released from holding status.","%s encomenda(s) foram libertadas do estado de espera."
"%s order(s) were not put on hold.","%s encomenda(s) não foram colocadas em espera."
"%s order(s) were not released from holding status.","%s encomenda(s) não foram libertadas do estado de espera."
"* - Enter custom price excluding tax","* - Inserir preço personalizado, excluindo impostos"
"* - Enter custom price including tax","* - Inserir preço personalizado, incluindo impostos"
"* Required Fields","* Campos Obrigatórios"
"-- Please Select --","-- Por favor, selecione --"
"-- Please Select Billing Agreement--","-- Por favor Selecione um Acordo de Faturação --"
"About This Order:","Sobre Este Pedido:"
"About This Profile:","Sobre Este Perfil:"
"About Your Invoice","Sobre a sua fatura"
"About Your Order","Sobre a sua encomenda"
"About Your Refund","Sobre o seu reembolso"
"About Your Shipment","Sobre a sua Encomenda"
"Accept Payment","Aceitar o pagamento"
"Accept or Deny Payment","Aceitar ou Negar Pagamento"
"Account Information","Informações da Conta"
"Action","Ação"
"Actions","Ações"
"Activate","Ativar"
"Active","Ativo"
"Add","Adicionar"
"Add New Address","Adicionar Nova Morada"
"Add Order Comments","Adicionar Comentários de Encomenda"
"Add Package","Adicionar pacote"
"Add Products","Adicionar produtos"
"Add Selected Product(s) to Option","Adicione Produto(s) Selecionado(s) à Opção"
"Add Selected Product(s) to Order","Adicionar Produto(s) Seleccionado(s) ao Pedido"
"Add Selected Product(s) to Package","Adicionar produto(s) seleccionado(s) ao pacote"
"Add To Order","Adicionar à Encomenda"
"Add Tracking Number","Adicionar o número de expedição"
"Add comment to order","Adicionar comentário à encomenda"
"Add new comment to credit memo","Adicionar novo comentário ao memorando de crédito"
"Add new comment to shipment","Adicionar novo comentário ao envio"
"Add new tracking number","Adicionar novo número de rastreamento"
"Add to Cart","Adicionar ao carrinho"
"Additional Product Info","Informação Adicional do Produto"
"Address","Morada"
"Address model is not defined.","O modelo de endereço não está definido."
"Adjustment Fee","Taxa de Ajuste"
"Adjustment Refund","Reembolso do Ajuste"
"Agreement Information","Informação do Acordo"
"Allow Reorder","Permitir Reordenar"
"Amount","Valor"
"Amount: %s.","Montante: %s."
"An error occurred while assigning order status. Status has not been assigned.","Ocorreu um erro ao atribuir o estado da encomenda. O estado não foi atribuído."
"An error occurred while creating shipping label.","Ocorreu um erro ao criar a Etiqueta de Envio."
"An error occurred while saving order status. The status has not been added.","Ocorreu um erro ao guardar o estado do pedido. O estado não foi adicionado."
"An error occurred while unassigning order status.","Ocorreu um erro ao desassociar estado de encomenda."
"An error occurred while updating the order address. The address has not been changed.","Ocorreu um erro ao atualizar o endereço do pedido. O endereço não foi alterado."
"An item option with code %s already exists.","Um item de opção com código %s já existe."
"Anchor Custom Title","Título Personalizado da Âncora"
"Append Comments","Adicionar comentários"
"Apply","Aplicar"
"Apply Coupon Code","Aplicar código de desconto"
"Coupon code used: %s (%s)","Código de cupão utilizado: %s (%s)"
"Approved the payment online.","Pagamento aprovado online."
"Are you sure you want to accept this payment?","Tem a certeza que quer aceitar este pagamento?"
"Are you sure you want to cancel this order?","Tem a certeza que deseja cancelar esta encomenda?"
"Are you sure you want to delete all items from shopping cart?","Tem a certeza que deseja excluir todos os itens do carrinho de compras?"
"Are you sure you want to deny this payment?","Tem a certeza que quer rejeitar este pagamento?"
"Are you sure you want to do this?","Tem a certeza que quer fazer isso?"
"Are you sure you want to send Creditmemo email to customer?","Tem certeza de que deseja enviar e-mail de Nota de Crédito ao cliente?"
"Are you sure you want to send Invoice email to customer?","Tem a certeza de que deseja enviar o e-mail da Fatura ao cliente?"
"Are you sure you want to send Shipment email to customer?","Tem a certeza de que deseja enviar e-mail de Envio ao cliente?"
"Are you sure you want to send order email to customer?","Tem a certeza de que deseja enviar e-mail de encomenda ao cliente?"
"Are you sure you want to void the payment?","Tem a certeza que deseja anular o pagamento?"
"Are you sure?","Tem a certeza?"
"Are you sure? This order will be canceled and a new one will be created instead","Tem certeza? Este pedido será cancelado e um novo será criado em vez disso"
"Assign Order Status to State","Atribuir Estado de Encomenda a Estado"
"Assign Status to State","Atribuir Estado ao Estado"
"Assignment Information","Informação de Atribuição"
"At least a payment ID must be set.","Pelo menos um ID de pagamento deve ser definido."
"Authorization","Autorização"
"Authorized amount of %s.","Montante autorizado de %s."
"Authorizing amount of %s is pending approval on gateway.","Autorização do montante de %s está pendente de aprovação na gateway."
"Back","Voltar"
"Back to Billing Agreements","Volta para Acordos de Faturação"
"Back to My Orders","Voltar para Os Meus Pedidos"
"Back to Recurring Profiles","Voltar a Perfis Recorrentes"
"Backordered","Em backorder"
"Bestsellers","Best-sellers"
"Bill to Name","Nome da Fatura"
"Billing","Faturação "
"Billing Address","Morada de Faturação"
"Billing Agreement","Acordo de Faturação"
"Billing Agreement # %s","Acordo de Fatura # %s"
"Billing Agreement #%s","Acordo de Fatura #%s"
"Billing Agreement View","Vista do Acordo de Facturação"
"Billing Agreements","Acordos de Facturamento"
"Billing Last Name","Último Nome de Faturação"
"Billing ZIP Code","Código Postal de Fatura"
"Buy %s for price %s","Comprar %s pelo preço %s"
"CSV","CSV"
"Cancel","Cancelar"
"Cancel credit memo","Cancelar nota de crédito"
"Cancel invoice","Cancelar fatura"
"Cancel order","Cancelar encomenda"
"Canceled","Cancelada"
"Canceled order offline.","Pedido cancelado offline."
"Canceled order online.","Pedido cancelado online."
"Cannot add order history.","Não é possível adicionar histórico de pedidos."
"Cannot create an empty shipment.","Não é possível criar um envio vazio."
"Cannot determine the field name.","Não é possível determinar o nome do campo."
"Cannot do invoice for order.","Não é possível fazer fatura para encomenda."
"Cannot do shipment for order.","Não é possível fazer envio para o pedido."
"Cannot get order instance","Não é possível obter instância de encomenda"
"Cannot get the order instance.","Não é possível obter a instância do pedido."
"Cannot register an existing credit memo.","Não é possível registar um crédito existente."
"Cannot register existing invoice","Não é possível registar fatura existente"
"Cannot register existing shipment","Não é possível registar envio existente"
"Capture","Capturar"
"Capture Amount","Valor de Captura"
"Capture Offline","Capturar Offline"
"Capture Online","Capturar Online"
"Capture invoice","Capturar fatura"
"Captured amount of %s online.","Montante capturado de %s online."
"Capturing amount of %s is pending approval on gateway.","Captura do montante de %s está pendente de aprovação na gateway."
"Carrier","Transportador"
"Carrier/Method","Transportadora/Método"
"Change status, add comments","Alterar estado, adicionar comentários"
"Changing address information will not recalculate shipping, tax or other order amount.","Alterar informações de endereço não irá recalcular o envio, imposto ou outro montante da encomenda."
"Checkout Totals Sort Order","Ordem de Classificação de Totais de Checkout"
"City","Cidade"
"Clear Shopping Cart","Esvaziar Carrinho de Compras"
"Click to change shipping method","Clique para alterar método de envio"
"Close","Fechar"
"Closed","Fechado"
"Comma-separated.","Separados por vírgula."
"Comment","Comentário"
"Comment Text","Texto do comentário"
"Comments","Comentários"
"Comments History","Histórico de comentários"
"Company","Empresa"
"Complete","Concluído"
"Configure","Configurar"
"Configure and Add to Order","Configurar e Adicionar à Encomenda"
"Contents","Conteúdos"
"Continue","Continuar"
"Controls whether customer IP is shown in orders, invoices, shipments, credit memos.","Controlos se o endereço IP do cliente é exibido em pedidos, faturas, remessas, notas de crédito."
"Country","País"
"Coupons","Cupões"
"Create","Criar"
"Create New Customer","Criar Novo Cliente"
"Create New Order","Criar nova encomenda"
"Create New Order Status","Criar novo estado de encomenda"
"Create New Order for %s","Criar Novo Pedido para %s"
"Create New Order for %s in %s","Criar Novo Pedido para %s em %s"
"Create New Order for %s in %s - %s","Criar Novo Pedido para %s em %s - %s"
"Create New Order for New Customer","Criar nova encomenda para um novo cliente"
"Create New Order for New Customer in %s","Criar Novo Pedido para Novo Cliente em %s"
"Create New Order for New Customer in %s - %s","Criar Novo Pedido para Novo Cliente em %s - %s"
"Create New Status","Criar novo estado"
"Create Order","Criar a encomenda"
"Create Packages","Criar pacotes"
"Create Shipment","Criar expedição"
"Create Shipping Label","Criar etiqueta de expedição"
"Create Shipping Label...","Imprimir a Etiqueta de Envio..."
"Create new credit memo for order","Criar novo memorando de crédito para encomenda"
"Create new invoice for order","Criar nova fatura para encomenda"
"Create new shipment for order","Criar novo envio para encomenda"
"Create...","Criar..."
"Created At","Criado em"
"Created billing agreement #%s.","Criado acordo de faturação #%s."
"Created:","Creado:"
"Credit Memo","Nota de Crédito"
"Credit Memo #","Nota de Crédito #"
"Credit Memo # ","Nota de Crédito # "
"Credit Memo #%1$s | %3$s | %2$s (%4$s)","Nota de Crédito #%1$s | %3$s | %2$s (%4$s)"
"Credit Memo Comment Email Sender","Remetente de Email de Comentário de Nota de Crédito"
"Credit Memo Comment Email Template","Modelo de Email de Comentário de Nota de Crédito"
"Credit Memo Comment Email Template for Guest","Modelo de Email de Comentário de Nota de Crédito para Convidado"
"Credit Memo Comments","Comentários de Nota de Crédito"
"Credit Memo Email Sender","Remetente de Email de Nota de Crédito"
"Credit Memo Email Template","Modelo de Email de Nota de Crédito"
"Credit Memo Email Template for Guest","Modelo de Email de Nota de Crédito para Convidado"
"Credit Memo Update","Atualização de Nota de Crédito"
"Credit Memo Update for Guest","Atualização de Nota de Crédito para Convidado"
"Credit Memos","Notas de Crédito"
"Credit memo canceling problem.","Problema de cancelamento de nota de crédito."
"Credit memo cannot be canceled.","Nota de crédito não pode ser cancelada."
"Credit memo has been created automatically","Nota de crédito foi criada automaticamente"
"Custom Price","Preço personalizado"
"Custom Value","Valor Personalizado"
"Customer","Cliente"
"Customer Can Define Start Date","O Cliente Pode Definir Data de Início"
"Customer Email","Email do Cliente"
"Customer Group","Grupos de Clientes"
"Customer Last Name","Sobrenome do Cliente"
"Customer Middle Name","Nome do Meio do Cliente"
"Customer My Account Order Creditmemo View","Cliente Minha Conta Pedido Nota de Crédito Ver"
"Customer My Account Order History","Cliente Minha Conta Histórico de Pedidos"
"Customer My Account Order Invoice View","Cliente Minha Conta Pedido Fatura Ver"
"Customer My Account Order Shipment View","Conta do Cliente Minha Conta Pedido Envio Ver"
"Customer My Account Order View","Conta do Cliente Visualizar Pedido"
"Customer Name","Nome de Cliente"
"Customer's Current Activities","Atividades Atuais do Cliente"
"Customs Value","Custos alfândega"
"Date","Data"
"Date Shipped","Data de Envio"
"Default Status","Estado predefinido"
"Default Template","Template Pré-definido"
"Default logo, will be used in PDF and HTML documents.<br />(jpeg, tiff, png) If you see image distortion in PDF, try to use larger image","Logótipo predefinido, será utilizado em documentos PDF e HTML.<br />(jpeg, tiff, png) Se vir distorção de imagem em PDF, tente usar imagem maior"
"Delete","Eliminar"
"Delete Package","Remover pacote"
"Denied the payment online.","Negou o pagamento online."
"Deny Payment","Rejeitar pagamento"
"Description Message","Mensagem de Descrição"
"Discount","Desconto"
"Discount (%s)","Desconto (%s)"
"Discount Amount","Desconto"
"Display Order ID in Header","Exibir ID de Encomenda no Cabeçalho"
"Edit","Editar"
"Edit Order #%s","Editar Encomenda #%s"
"Edit Order %s %s Address","Editar Encomenda %s %s Morada"
"Edit Order Status","Alterar o estado da encomenda"
"Email","Correio electrónico"
"Email Address","Endereço de Email"
"Email Copy of Credit Memo","Cópia de Email de Nota de Crédito"
"Email Copy of Invoice","Cópia de Fatura por Email"
"Email Copy of Shipment","Enviar por e-mail uma cópia da expedição"
"Email Order Confirmation","E-mail de confirmação da encomenda"
"Enable","Ativar"
"Enabled","Ativo"
"Enter the billing last name and email/ZIP as in the order billing address","Introduza o apelido de faturação e email/CEP como no endereço de faturação da encomenda"
"Entered data is incorrect. Please try again.","Os dados introduzidos estão incorrectos. Por favor, tente novamente."
"Error to Show in Shopping Cart","Erro a Mostrar no Carrinho de Compras"
"Excel XML","XML Excel"
"Excl. Tax","Excluindo impostos"
"Expired","Expirado"
"Explanation","Explicação"
"Failed to cancel the billing agreement.","Falhou ao cancelar o acordo de faturação."
"Failed to create billing agreement for this order.","Falhou a criação de acordo de faturação para este pedido."
"Failed to finish billing agreement wizard.","Falhou ao concluir o assistente de acordo de faturamento."
"Failed to send the order email.","Falhou o envio do e-mail da encomenda."
"Failed to start billing agreement wizard.","Falhou ao iniciar o assistente de acordo de faturamento."
"Failed to update the payment.","Falhou a atualização do pagamento."
"Failed to update the profile.","Falhou a atualização do perfil."
"Failed to void the payment.","Falhou ao anular o pagamento."
"Fetch","Obter"
"File extension not known or unsupported type in the following shipment: %s","Extensão de ficheiro desconhecida ou tipo não suportado no seguinte envio: %s"
"Find Order By:","Encontre por ordem de:"
"First Name","Nome"
"From","De"
"From Name","Remetente"
"From:","De:"
"G.T. (Base)","P.T. (Base)"
"G.T. (Purchased)","G.T. (Comprado)"
"General","Geral"
"General Information","Informação Geral"
"Get Payment Update","Obter atualização do pagamento"
"Get Update","Obter Atualização"
"Get shipping methods and rates","Obter métodos e taxas de envio"
"Gift Message","Mensagem da Oferta"
"Gift Message for This Order","Mensagem de oferta para esta encomenda"
"Gift Message for the Entire Order","Mensagem de oferta para esta encomenda"
"Gift Message for this Order","Mensagem de Presente para este Pedido"
"Gift Options","Opções de Presente"
"Gift Wrapping for the Entire Order","Embrulho de Oferta para Toda a Encomenda"
"Girth","Largura"
"Go to Home Page","Ir para Página Inicial"
"Grand Total","Preço Final"
"Grand Total to be Charged","Total à cobrança"
"Guest","Convidado"
"Height","Altura"
"Hide Customer IP","Ocultar IP do Cliente"
"Hold","Suspender"
"Hold action is not available.","Ação de suspensão não está disponível."
"Hold order","Segurar encomenda"
"Home","Início"
"ID","Id."
"ID #","ID #"
"If empty, the default description above will be used.","Se estiver vazio, a descrição predefinida acima será utilizada."
"If empty, the default error above will be used.","Se estiver vazio, o erro padrão acima será utilizado."
"If the invoice was created offline, try creating an offline creditmemo.","Se a fatura foi criada offline, tente criar um creditmemo offline."
"Incl. Tax","Imposto incl."
"Information","Informação"
"Initial Fee","Taxa Inicial"
"Initial Fees","Taxas Iniciais"
"Initial period payment","Pagamento do período inicial"
"Insufficient information to create shipping label(s). Please verify your Store Information and Shipping Settings.","Informação insuficiente para criar etiqueta(s) de envio. Verifique as suas Informações da Loja e Configurações de Envio."
"Invalid block: %s.","Bloco inválido: %s."
"Invalid carrier specified.","Transportadora inválida especificada."
"Invalid draw line data. Please define ""lines"" array.","Dados de linha de desenho inválidos. Defina o array ""linhas""."
"Invalid entity model","Modelo de entidade inválido"
"Invalid item option format.","Formato de opção de item inválido."
"Invalid order data.","Dados de encomenda inválidos."
"Invalid qty to invoice item ""%s""","Quantidade inválida para item de fatura ""%s"""
"Invalid qty to refund item ""%s""","Quantidade inválida para reembolsar item ""%s"""
"Invalid qty to ship for item ""%s""","Quantidade inválida para enviar para item ""%s"""
"Invalid renderer model","Modelo de renderizador inválido"
"Invalid request for adding product to quote.","Pedido inválido para adicionar produto à cotação."
"Invalid value(s) for Qty to Ship","Qtd a expedir inválida"
"Invoice","Fatura"
"Invoice #","Fatura #"
"Invoice # ","Fatura # "
"Invoice #%1$s | %2$s | %4$s (%3$s)","Fatura #%1$s | %2$s | %4$s (%3$s)"
"Invoice #%s","Fatura #%s"
"Invoice Comment Email Sender","Remetente de Email de Comentário de Fatura"
"Invoice Comment Email Template","Modelo de Email de Comentário de Fatura"
"Invoice Comment Email Template for Guest","Modelo de Email de Comentário de Fatura para Convidado"
"Invoice Comments","Comentários da Fatura"
"Invoice Date","Data da Fatura"
"Invoice Email Sender","Remetente de Email de Fatura"
"Invoice Email Template","Modelo de Email de Fatura"
"Invoice Email Template for Guest","Modelo de Email de Fatura para Convidado"
"Invoice Update","Atualizar Fatura"
"Invoice Update for Guest","Atualização de Fatura para Convidado"
"Invoice and Packing Slip Design","Desenho de Fatura e Folha de Embalagem"
"Invoice and Ship","Faturar e expedir"
"Invoice canceling problem.","Problema de cancelamento de fatura."
"Invoice cannot be canceled.","Fatura não pode ser cancelada."
"Invoice cannot be captured.","Fatura não pode ser capturada."
"Invoice cannot be voided.","Fatura não pode ser anulada."
"Invoice capturing problem.","Problema de captura de fatura."
"Invoice void problem","Problema de anulação de fatura"
"Invoice will be created without communication with payment gateway.","Fatura será criada sem comunicação com gateway de pagamento."
"Invoiced","Faturada"
"Invoiced:","Faturado:"
"Invoices","Facturas"
"Is Closed","Está fechado"
"Item","Artigo"
"Item in your order","Item na sua encomenda"
"Item Status","Estado do artigo"
"Item object is not specified.","O objeto item não está especificado."
"Item options declaration error.","Erro de declaração de opções de item."
"Item ordered qty","Qtd encomendada do item"
"Item qty declaration error.","Erro de declaração de quantidade de item."
"Items","Itens"
"Items in your order","Itens no seu pedido"
"Items Invoiced","Itens Faturados"
"Items Ordered","Artigos Encomendados"
"Items Refunded","Itens Reembolsados"
"Items Shipped","Artigos enviados"
"Items in the Package","Objectos no pacote"
"Items maximum quantity or price do not allow checkout.","Itens quantidade máxima ou preço não permitem checkout."
"Items options declaration error.","Erro de declaração de opções de itens."
"Items to Refund","Itens a Reembolsar"
"Items to Ship","Artigos a expedir"
"Key","Chave"
"Last Name","Sobrenome"
"Last Ordered Items","Últimos artigos encomendados"
"Last status can't be unassigned from state.","Último estado não pode ser desatribuído do estado."
"Length","Comprimento"
"Link to the New Order","Ligação para o Novo Pedido"
"Link to the Previous Order","Ligação à Encomenda Anterior"
"Logo for HTML Print View","Logótipo para Visualização de Impressão HTML"
"Logo for HTML documents only. If empty, default will be used.<br />(jpeg, gif, png)","Logo apenas para documentos HTML. Se estiver vazio, o padrão será usado. <br /> (jpeg, gif, png)"
"Logo for PDF Print-outs (200x50)","Logótipo para impressões PDF (200x50)"
"Make Check payable to:","Passe o cheque à ordem de:"
"Manage","Gerir"
"Maximum amount available to refund is %s","Montante máximo disponível para reembolso é %s"
"Maximum shipping amount allowed to refund is: %s","Montante máximo de envio permitido para reembolso é: %s"
"Message","Mensagem"
"Message:","Mensagem:"
"Middle Name","Nome do Meio"
"Minimum Amount","Valor Mínimo"
"Minimum Order Amount","Valor Mínimo do Pedido"
"Mixed","Misto"
"Most Viewed","Mais Vistos"
"Most Viewed Products Report","Relatório de Produtos Mais Vistos"
"Move to Shopping Cart","Mover para Carrinho de Compras"
"Move to Wishlist","Mover para a Lista de Desejos"
"Multi-address Description Message","Mensagem de Descrição de Endereços Múltiplos"
"Multi-address Error to Show in Shopping Cart","Erro de Endereços Múltiplos para Mostrar no Carrinho de Compras"
"My Orders","As minhas Encomendas"
"My Orders - Details","Os Meus Pedidos - Detalhes"
"N/A","N/D"
"Name","Nome"
"New","Novo"
"New Billing Agreement","Novo Acordo de Faturação"
"New Credit Memo","Novo Memorando de Crédito"
"New Credit Memo for Guest","Novo Recibo de Crédito para Convidado"
"New Credit Memo for Invoice #%s","Nova Nota de Crédito para Fatura #%s"
"New Credit Memo for Order #%s","Novo Memorando de Crédito para Pedido #%s"
"New Invoice","Nova Fatura"
"New Invoice and Shipment for Order #%s","Nova Fatura e Envio para Pedido #%s"
"New Invoice for Guest","Nova Fatura para Convidado"
"New Invoice for Order #%s","Nova Fatura para Pedido #%s"
"New Order","Novo Pedido"
"New Order Confirmation Email Sender","Novo Remetente de Email de Confirmação de Encomenda"
"New Order Confirmation Template","Nova Confirmação de Pedido Template"
"New Order Confirmation Template for Guest","Novo Modelo de Confirmação de Pedido para Convidado"
"New Order RSS","RSS Nova Encomenda"
"New Order Status","Estado da Nova Encomenda"
"New Order for Guest","Novo Pedido para Convidado"
"New Shipment","Nova Expedição"
"New Shipment for Guest","Nova Encomenda para Convidado"
"New Shipment for Order #%s","Nova Expedição para Pedido #%s"
"Newsletter Subscription","Subscrição da Newsletter"
"No","Não"
"No Items","Não há itens"
"No Items To Refund","Não há itens para reembolso"
"No Payment Methods","Não há métodos de pagamento"
"No detail for number ""%s""","Sem detalhe para número ""%s"""
"No information available.","Não há informação disponível."
"No items","Não há itens"
"No order(s) were put on hold.","Não foram colocados em espera nenhum pedido."
"No order(s) were released from holding status.","Nenhum(a) encomenda(s) foi libertada do estado de espera."
"No ordered items","Não há itens ordenados"
"No shipping information available","Não há informações de expedição disponíveis"
"Nominal Items","Itens Nominais"
"Nominal item can be purchased standalone only. To proceed please remove other items from the quote.","Item nominal pode ser comprado apenas standalone. Para proceder, por favor remova outros itens da cotação."
"Nominal order registered.","Pedido nominal registado."
"Not Capture","Não Capturar"
"Not Initialized","Não Inicializado"
"Not Notified","Não notificado"
"Not enough valid data to save the parent transaction ID.","Não há dados válidos suficientes para salvar o ID de transação pai."
"Notification Not Applicable","Notificação Não Aplicável"
"Notified","Notificado"
"Notify Customer by Email","Notificar Cliente por Email"
"Number","Número"
"Number of Invoiced Orders","Número de Encomendas Faturadas"
"Number of Orders","Número de Encomendas"
"Number of Refunded Orders","Número de Pedidos Reembolsados"
"OK","CONFIRMAR"
"Offline Refunded","Reembolsado Offline"
"On Hold","Em espera"
"Online Refunded","Reembolsado Online"
"Order","Encomenda"
"Order #","Encomenda #"
"Order # ","Encomenda # "
"Order # %s","Pedido # %s"
"Order # %s %s | %s","Pedido # %s %s | %s"
"Order #%s","Pedido #%s"
"Order #%s - %s","Pedido #%s - %s"
"Order API","API de Encomenda"
"Order Address Information","Informação de Endereço de Encomenda"
"Order Comment","Comentário para a Encomenda"
"Order Comment Email Sender","Remetente de Email de Comentário de Encomenda"
"Order Comment Email Template","Modelo de Email de Comentário de Pedido"
"Order Comment Email Template for Guest","Modelo de Email de Comentário de Pedido para Convidado"
"Order Comments","Comentário da encomenda"
"Order Currency:","Moeda Base:"
"Order Date","Data da Encomenda"
"Order Date (%s)","Data do Pedido (%s)"
"Order Date: ","Data da encomenda: "
"Order Date: %s","Data de Encomenda: %s"
"Order Details","Detalhes do Pedido"
"Order Grand Total","Total encomenda"
"Order History","Histórico de encomendas"
"Order History Info","Informação de Histórico de Encomendas"
"Order ID","ID da Encomenda"
"Order Information","Informação da encomenda"
"Order State","Estado da Encomenda"
"Order Status","Estado da Encomenda"
"Order Status Information","Informação de estado da encomenda"
"Order Statuses","Estados da encomenda"
"Order Subtotal","Subtotal do Pedido"
"Order Taxes Report Grouped by Tax Rates","Relatório de Impostos de Pedido Agrupado por Taxas de Imposto"
"Order Total","Total da encomenda"
"Order Totals","Total da encomenda"
"Order Update","Atualizar Pedido"
"Order Update for Guest","Atualização de Pedido para Convidado"
"Order View","Vista da encomenda"
"Order credit memo","Nota de Crédito de Pedido"
"Order does not allow to be canceled.","O pedido não permite ser cancelado."
"Order invoice","Fatura de Encomenda"
"Order is suspended as its authorizing amount %s is suspected to be fraudulent.","O pedido está suspenso pois o montante de autorização %s é suspeito de ser fraudulento."
"Order is suspended as its capture amount %s is suspected to be fraudulent.","O pedido está suspenso pois o montante de captura %s é suspeito de ser fraudulento."
"Order object is not specified.","O objeto de encomenda não está especificado."
"Order saving error: %s","Erro de guardar encomenda: %s"
"Order shipments","Envios de Pedidos"
"Order status does not exist.","O estado da encomenda não existe."
"Order status with the same status code already exist.","O estado do pedido com o mesmo código de estado já existe."
"Order was placed using %s","O pedido foi realizado usando %s"
"Ordered","Encomendada"
"Ordered amount of %s.","Quantidade encomendada de %s."
"Ordering amount of %s is pending approval on gateway.","O montante de encomenda de %s está pendente de aprovação na gateway."
"Orders","Pedidos"
"Orders and Returns","Pedidos e Devoluções"
"Orders and Returns Search Form","Formulário de Pesquisa de Pedidos e Devoluções"
"Original Price","Preço original"
"Original order item that recurring payment profile correspondss to.","Item de encomenda original que corresponde ao perfil de pagamento recorrente."
"PDF Credit Memos","Notas de Crédito em PDF"
"PDF Invoices","Faturas PDF"
"PDF Packingslips","Folhas de Embalagem em PDF"
"PDF Print-outs","Impressos PDF"
"PDF object is not specified.","O objeto PDF não está especificado."
"PDF page object is not specified.","O objeto de página PDF não está especificado."
"PDF total model should extend Mage_Sales_Model_Order_Pdf_Total_Default","PDF total modelo deve estender Maho_Sales_Model_Order_Pdf_Total_Default"
"Package","Pacote"
"Package types are disregarded for USPS domestic shipments.","Os tipos de pacote são ignorados para os envios domésticos da USPS."
"Packages","Pacotes"
"Packingslip # ","Recibo de Encomenda # "
"Paid","Pago"
"Paid Amount","Valor pago"
"Parent Transaction ID","ID da Última Transação"
"Parent transaction ID must have a transaction ID.","ID de transação pai deve ter um ID de transação."
"Partial","Parcial"
"Payment Failed","Pagamento Falhou"
"Payment Information","Informação do Pagamento"
"Payment Method","Método de Pagamento"
"Payment Method Name","Nome do Método de Pagamento"
"Payment Method:","Método de Pagamento:"
"Payment Review","Rever Pagamento"
"Payment disallow storing objects.","Pagamento não permite armazenar objetos."
"Payment transactions disallow storing objects.","Transações de pagamento não permitem armazenar objetos."
"Payment type","Tipo de Pagamento"
"Payment update has been made.","Atualização de pagamento foi feita."
"Pending","Pendente"
"Pending Payment","Pagamento pendente"
"Period","Período"
"Place Order Using Billing Agreements","Encomendar Usando Acordos de Faturação"
"Placed from IP","Colocado a partir de IP"
"Please Select Products to Add","Selecione Produtos para Adicionar"
"Please Select a Customer","Selecione um Cliente"
"Please Select a Store","Selecione uma Loja"
"Please check billing address information. %s","Verifique as informações do endereço de fatura. %s"
"Please check shipping address information. %s","Verifique as informações do endereço de envio. %s"
"Please define PDF object before using.","Defina o objeto PDF antes de usar."
"Please enter positive number in this field.","Por favor insira um número positivo neste campo."
"Please select a valid payment method.","Selecione um método de pagamento válido."
"Please specify a shipping method.","Especifique um método de envio."
"Please specify a valid grid column alias name that exists in grid table.","Especifique um alias de coluna de grade válido que existe na tabela de grade."
"Price","Preço"
"Print","Imprimir"
"Print All","Imprimir Tudo"
"Print All Invoices","Imprimir todas as faturas"
"Print All Refunds","Imprimir todos os reembolsos"
"Print All Shipments","Imprimir todas as expedições"
"Print Credit Memos","Imprimir Notas de Crédito"
"Print Invoice","Imprimir fatura"
"Print Invoices","Imprimir Facturas"
"Print Order","Imprimir encomenda"
"Print Order # %s","Imprimir Encomenda # %s"
"Print Packingslips","Imprimir Folhas de Embalagem"
"Print Refund","Imprimir reembolso"
"Print Shipment","Imprimir expedição"
"Print Shipping Label","Imprimir a Etiqueta de Envio"
"Print Shipping Labels","Imprimir as Etiquetas de Envio"
"Processing","Em processamento"
"Product","Produto"
"Product Name","Nome do Produto"
"Products","Produtos"
"Products Bestsellers Report","Relatório de Produtos Mais Vendidos"
"Products in Comparison List","Produtos na Lista de Comparação"
"Products should be added to package(s)","Produtos devem ser adicionados ao pacote(s)"
"Profile #%s","Perfil #%s"
"Profile Information","Informação de Perfil"
"Profile State","Estado de Perfil"
"Profit","Lucro"
"Promotion Coupons Usage Report","Relatório de Utilização de Cupões de Promoção"
"Proper payment object must be set.","Objeto de pagamento adequado deve ser definido."
"Purchase Order Number:","Número de Pedido de Compra:"
"Purchased From","Comprado De"
"Purchased From (Store)","Comprado Em (Loja)"
"Purchased Item","Item Comprado"
"Purchased On","Comprado Em"
"Qty","Qtd"
"Qty Invoiced","Qtd Faturada"
"Qty Ordered","Quantidade encomendada"
"Qty Shipped","Qtd Enviada"
"Qty To Add","Qtde a Adicionar"
"Qty to Add","Qtde a Adicionar"
"Qty to Invoice","Qtd faturada"
"Qty to Refund","Qtde a Reembolsar"
"Qty to Ship","Qtd a expedir"
"Quantity Ordered","Quantidade Encomendada"
"Quote item id is not received.","ID do item de cotação não foi recebido."
"Quote item is not loaded.","Item de cotação não carregado."
"Rate","Taxa"
"Recent Orders","Encomendas recentes"
"Recently Compared Products","Produtos comparados recentemente"
"Recently Viewed","Recentemente visto"
"Recently Viewed Products","Produtos visualizados recentemente"
"Recurring Profile # %s","Perfil Recorrente # %s"
"Recurring Profile Initial Fee","Taxa Inicial do Perfil Recorrente"
"Recurring Profiles","Perfis Recorrentes"
"Recurring Profiles (beta)","Perfis Recorrentes (beta)"
"Reference ID","ID da Referência"
"Reference ID:","ID da Referência:"
"Refresh","Atualizar"
"Refund","Reembolso"
"Refund #","Reembolso #"
"Refund #%s","Reembolso #%s"
"Refund Amount","Valor de reembolso"
"Refund Offline","Reembolso offline"
"Refund Shipping","Reembolso portes"
"Refund Shipping (Excl. Tax)","Reembolso portes (taxa excluída)"
"Refund Shipping (Incl. Tax)","Reembolso portes (taxa incluída)"
"Refund Totals","Totais de Reembolso"
"Refunded","Reembolsada"
"Refunded amount of %s offline.","Montante reembolsado de %s offline."
"Refunded amount of %s online.","Montante reembolsado de %s online."
"Refunds","Reembolsos"
"Registered a Void notification.","Registou uma notificação de Anulação."
"Registered notification about approved payment.","Notificação registada sobre pagamento aprovado."
"Registered notification about captured amount of %s.","Notificação registada sobre montante capturado de %s."
"Registered notification about denied payment.","Notificação registada sobre pagamento negado."
"Registered notification about refunded amount of %s.","Notificação registada sobre montante reembolsado de %s."
"Registered update about approved payment.","Registado atualização sobre pagamento aprovado."
"Registered update about denied payment.","Registado atualização sobre pagamento negado."
"Regular Payment","Pagamento Regular"
"Related Orders","Encomendas Relacionadas"
"Remove","Eliminar"
"Remove Coupon Code","Remover código de desconto"
"Remove tracking number","Remover número de rastreamento"
"Reorder","Re-encomendar"
"Retrieve credit memo info","Obter informações de nota de crédito"
"Retrieve credit memo information","Recuperar informação de nota de crédito"
"Retrieve credit memo list","Recuperar lista de notas de crédito"
"Retrieve invoice info","Obter informações de fatura"
"Retrieve invoice information","Obter informação de fatura"
"Retrieve list of credit memos by filters","Recuperar lista de notas de crédito por filtros"
"Retrieve list of invoices by filters","Recuperar lista de faturas por filtros"
"Retrieve list of orders by filters","Recuperar lista de encomendas por filtros"
"Retrieve list of shipments by filters","Recuperar lista de envios por filtros"
"Retrieve order information","Obter informação de encomenda"
"Retrieve orders info","Obter informações de pedidos"
"Retrieve shipment info","Obter informações de envio"
"Retrieve shipment information","Obter informações de envio"
"Return to Stock","Retornar ao Stock"
"Returned","Devolvido"
"Returns","Devoluções"
"Revenue","Receitas"
"Row Subtotal","Subtotal da Linha"
"Row Total","Total da Linha"
"SKU","REF"
"Sales","Vendas"
"Sales Discount","Desconto de Vendas"
"Sales Emails","E-mails de Vendas"
"Sales Invoice Print View","Vista de Impressão de Fatura de Venda"
"Sales Items","Itens de Venda"
"Sales Order Print View","Vista de Impressão de Pedido de Venda"
"Sales Shipment Print View","Vista de Impressão de Envio de Vendas"
"Sales Shipping","Vendas Envio"
"Sales Tax","Imposto sobre Vendas"
"Sales Total","Total de Vendas"
"Same As Billing Address","Igual ao endereço de faturação"
"Save Order Address","Guardar Morada da Encomenda"
"Save Status","Guardar estado"
"Save Status Assignment","Guardar Atribuição de Estado"
"Save in address book","Gravar no livro de endereços"
"Schedule","Agenda"
"Select","Selecione"
"Select All","Selecionar tudo"
"Select from existing customer addresses:","Selecione endereços de clientes existentes:"
"Selected option(s) or their combination is not currently available.","As opções selecionadas ou a sua combinação não está disponível de momento."
"Send Credit Memo Comment Email Copy To","Enviar Cópia de Comentário de Memorando de Crédito por Email"
"Send Credit Memo Comments Email Copy Method","Enviar Cópia de Comentários de Memorando de Crédito por Email Método"
"Send Credit Memo Email Copy Method","Enviar Cópia de Método de Email de Memorando de Crédito"
"Send Credit Memo Email Copy To","Enviar Cópia de Memorando de Crédito por Email"
"Send Email","Enviar E-mail"
"Send Invoice Comment Email Copy To","Enviar Comentário de Fatura por Email Copiar Para"
"Send Invoice Comments Email Copy Method","Enviar Comentários de Fatura Email Cópia Método"
"Send Invoice Email Copy Method","Enviar Cópia de Fatura por Email Método"
"Send Invoice Email Copy To","Enviar Cópia de Fatura por Email Para"
"Send Order Comment Email Copy To","Enviar Cópia de Comentário de Pedido por Email"
"Send Order Comments Email Copy Method","Enviar Comentários de Pedido Cópia de Método de Email"
"Send Order Email","Enviar Email de Encomenda"
"Send Order Email Copy Method","Enviar Cópia de Email de Pedido Método"
"Send Order Email Copy To","Enviar Cópia de Email de Encomenda Para"
"Send Sales Emails","Envie Emails de Vendas"
"Send Shipment Comment Email Copy To","Enviar Cópia de Comentário de Envio por Email"
"Send Shipment Comments Email Copy Method","Enviar Comentários de Envio por Email Método de Cópia"
"Send Shipment Email Copy Method","Enviar Cópia de Método de Email de Envio"
"Send Shipment Email Copy To","Enviar Cópia de Email de Envio Para"
"Send Tracking Information","Enviar informações de expedição"
"Send shipment info","Envia informação de envio"
"Set order for existing transactions not allowed","Definir encomenda para transações existentes não permitido"
"Ship","Expedir"
"Ship To","Enviar para"
"Ship to Name","Nome do Destinatário"
"Ship to:","Enviar para:"
"Shipment","Expedição"
"Shipment #","Expedição #"
"Shipment #%1$s | %3$s (%2$s)","Envio #%1$s | %3$s (%2$s)"
"Shipment #%s","Envio #%s"
"Shipment Comment Email Sender","Remetente de Email de Comentário de Envio"
"Shipment Comment Email Template","Modelo de Email de Comentário de Envio"
"Shipment Comment Email Template for Guest","Modelo de Email de Comentário de Envio para Convidado"
"Shipment Comments","Comentários expedição"
"Shipment Email Sender","Remetente de Email de Envio"
"Shipment Email Template","Modelo de Email de Envio"
"Shipment Email Template for Guest","Modelo de Email de Envio para Convidado"
"Shipment Update","Atualização de Envio"
"Shipment Update for Guest","Atualização de Envio para Convidado"
"Shipments","Expedições"
"Shipped","Enviada"
"Shipped By","Enviado por"
"Shipping","Envio"
"Shipping & Handling","Transporte e Processamento"
"Shipping &amp; Handling","Envio &amp; Manipulação"
"Shipping &amp; Handling Information","Informação de expedição &amp; tratamento"
"Shipping Address","Morada de Envio"
"Shipping Amount","Valor de portes"
"Shipping Information","Informação de Envio"
"Shipping Method","Modo de Envio"
"Shipping Method:","Modo de Envio:"
"Shipping Refund","Reembolso portes"
"Shipping and Tracking Information","Informação de expedição e seguimento"
"Shopping Cart","Carrinho de compras"
"Show Packages","Mostrar Pacotes"
"Signature Confirmation","Confirmação de assinatura"
"Signed Up From","Inscrito a partir de"
"Size","Tamanho"
"Sku","Ref"
"Sold to:","Venda para:"
"Some item options or their combination are not currently available.","Algumas opções de itens ou a sua combinação não estão disponíveis de momento."
"Some of the products below do not have all the required options.","Alguns dos produtos abaixo não têm todas as opções necessárias."
"Some of the selected options are not currently available.","Algumas das opções selecionadas não estão disponíveis de momento."
"Sorry, no quotes are available for this order at this time.","Desculpe, não há cotações disponíveis para este pedido neste momento."
"Source object is not specified.","Objeto de origem não especificado."
"Specified profile does not exist.","Perfil especificado não existe."
"State Code [State Title]","Código de Estado [Título do Estado]"
"State/Province","Concelho/Distrito"
"Status","Estado"
"Status Code","Código de estado"
"Status Color","Status Color"
"Status Label","Etiqueta do estado"
"Status:","Estado:"
"Store Credit","Crédito na Loja"
"Store View Specific Labels","Etiquetas Específicas a Vistas de Loja"
"Street Address","Morada"
"Submit Comment","Enviar comentário"
"Submit Credit Memo","Submeter Nota de Crédito"
"Submit Invoice","Submeter Fatura"
"Submit Invoice and Shipment","Submeter Fatura e Envio"
"Submit Order","Submeter Pedido"
"Submit Shipment","Enviar expedição"
"Subscribe to Newsletter","Aderir à Newsletter"
"Subscribe to Order Status","Subscrever o estado da encomenda"
"Subtotal","Sub-total"
"Subtotal after discount.","Subtotal após desconto."
"Subtotal:","Sub-total:"
"Suspected Fraud","Suspeita de fraude"
"Suspend","Suspender"
"Suspended","Suspenso"
"Tax","Taxa"
"Tax Amount","Valor do imposto"
"Tax Percent","Percentagem de taxa"
"Telephone","Telefone"
"The Order State ""%s"" must not be set manually.","O Estado da Encomenda ""%s"" não deve ser definido manualmente."
"The address total model should be extended from Mage_Sales_Model_Quote_Address_Total_Abstract.","O modelo de total de endereço deve ser estendido a partir de Maho_Sales_Model_Quote_Address_Total_Abstract."
"The billing agreement ""%s"" has been canceled.","O acordo de faturação ""%s"" foi cancelado."
"The billing agreement ""%s"" has been created.","O acordo de faturação ""%s"" foi criado."
"The coupon code has been accepted.","O código de cupão foi aceite."
"The message has been sent.","A mensagem foi enviada."
"The message was sent.","A mensagem foi enviada."
"The order address has been updated.","O endereço da encomenda foi atualizado."
"The order email has been sent.","O email da encomenda foi enviada."
"The order has been cancelled.","O pedido foi cancelado."
"The order has been created.","O pedido foi criado."
"The order has been put on hold.","O pedido foi colocado em espera."
"The order has been released from holding status.","O pedido foi libertado do estado de espera."
"The order has not been cancelled.","O pedido não foi cancelado."
"The order status has been assigned.","O estado da encomenda foi atribuído."
"The order status has been saved.","O estado do pedido foi guardado."
"The order status has been unassigned.","O estado do pedido foi desatribuído."
"The order was not put on hold.","A encomenda não foi colocada em espera."
"The order was not unheld.","O pedido não foi bloqueado."
"The order was placed using %s","O pedido foi realizado usando %s"
"The order(s) cannot be canceled","As encomenda(s) não pode(m) ser cancelada(s)"
"The payment has been accepted.","O pagamento foi aceite."
"The payment has been denied.","O pagamento foi recusado."
"The payment has been voided.","O pagamento foi anulado."
"The profile has been updated.","O perfil foi atualizado."
"The profile has no changes.","O perfil não tem alterações."
"The profile state has been updated.","O estado do perfil foi atualizado."
"The quantity you want to add exceeds the total shipped quantity for some of selected Product(s)","A quantidade que deseja adicionar excede a quantidade total enviada para alguns dos produtos selecionados."
"The requested Payment Method is not available.","O Método de Pagamento solicitado não está disponível."
"The shipping label has been created.","O rótulo de envio foi criado."
"The transaction ""%s"" (%s) is already closed.","A transação ""%s"" (%s) já está fechada."
"The transaction ""%s"" cannot be captured yet.","A transação ""%s"" não pode ser capturada ainda."
"The value that you entered is not valid.","O valor que inseriu não é válido."
"There are no billing agreements yet.","Ainda não existem acordos de faturação."
"There are no printable documents related to selected orders.","Não existem documentos impressos relacionados com os pedidos seleccionados."
"There are no shipping labels related to selected orders.","Não existem etiquetas de envio relacionadas com as encomendas selecionadas."
"There are no shipping labels related to selected shipments.","Não existem etiquetas de envio relacionadas com as encomendas selecionadas."
"There is no need to approve this payment.","Não é necessário aprovar este pagamento."
"There is no need to deny this payment.","Não há necessidade de negar este pagamento."
"There is no update for the payment.","Não existem atualizações do pagamento."
"This message will be shown in shopping cart when subtotal after discount less than minimum amount.","Esta mensagem será exibida no carrinho de compras quando o subtotal após desconto for inferior ao montante mínimo."
"This operation requires an existing transaction object.","Esta operação requer um objeto de transação existente."
"This order cannot be edited.","Este pedido não pode ser editado."
"This order contains (%s) items and therefore cannot be edited through the admin interface at this time, if you wish to continue editing the (%s) items will be removed, the order will be canceled and a new order will be placed.","Este pedido contém (%s) itens e, portanto, não pode ser editado através da interface de administração neste momento, se desejar continuar editando, os (%s) itens serão removidos, o pedido será cancelado e um novo pedido será realizado."
"This order no longer exists.","A encomenda já não existe."
"This product does not have any configurable options","Este produto não tem qualquer opção configurável"
"This profile state cannot be changed to ""%s"".","Este perfil de estado não pode ser alterado para ""%s""."
"This will create an offline refund. To create an online refund, open an invoice and create credit memo for it. Do you wish to proceed?","Isto criará um reembolso offline. Para criar um reembolso online, abra uma fatura e crie um memorando de crédito para ela. Deseja prosseguir?"
"Tier Pricing","Tabela de Preços"
"Title","Título"
"To","Para"
"To Name","Destinatário"
"To:","Para:"
"Total","Total"
"Total %d product(s)","Total %d produto(s)"
"Total (ex)","Total (ex)"
"Total (inc)","Total (inc)"
"Total Due","Total a Pagar"
"Total Invoiced","Total Faturado"
"Total Invoiced Paid","Total Faturado Pago"
"Total Invoiced VS Paid Report","Relatório Total Faturado VS Pago"
"Total Invoiced not Paid","Total Faturado não Pago"
"Total Ordered Report","Relatório de Encomendas Totais"
"Total Paid","Total pago"
"Total Qty","Qtde Total"
"Total Refund","Reembolso total"
"Total Refunded","Total Reembolsado"
"Total Refunded Report","Relatório de Reembolso Total"
"Total Sales Shipping","Vendas Totais Envio"
"Total Shipped Report","Relatório Total de Enviados"
"Total Shipping","Total de Envio"
"Total Shipping Charges","Encargos totais de envio"
"Total Tax","Imposto Total"
"Total Weight","Peso Total"
"Total model should be extended from Mage_Sales_Model_Order_Total_Abstract.","O modelo total deve ser estendido a partir de Maho_Sales_Model_Order_Total_Abstract."
"Track Order","Seguir encomenda"
"Track all shipment(s)","Rastrear todos os envios"
"Track all shipments","Rastrear todas as remessas"
"Track this shipment","Seguir este envio"
"Track your order","Seguir a sua encomenda"
"Tracking","Rastreio"
"Tracking Number","Número de envio"
"Tracking Number(s):","Número de envio:"
"Transaction ""%s"" was already processed.","Transação ""%s"" já foi processada."
"Transaction # %s | %s","Transação # %s | %s"
"Transaction ID","ID da Transação"
"Transaction ID must not be empty.","ID de transação não deve estar vazio."
"Transaction ID: ""%s"".","ID de Transação: ""%s""."
"Transaction Type","Tipo de Transação"
"Transactions","Transações"
"Trial ","Ensaio "
"Trial Payment","Pagamento de Teste"
"Trial Period","Período de Teste"
"Trial period payment","Período de Pagamento de Teste"
"Type","Tipo"
"Unassign","Remover atribuição"
"Unhold","Retomar"
"Unhold action is not available.","Ação de desbloqueio não está disponível."
"Unhold order","Desbloquear encomenda"
"Unknown State","Estado Desconhecido"
"Unknown Status","Estado desconhecido"
"Unsupported transaction type ""%s"".","Tipo de transação não suportado ""%s""."
"Update Changes","Actualizar Mudanças"
"Update Items and Qty's","Atualizar Itens e Qt's"
"Update Qty's","Atualizar Qtd's"
"Updated At","Atualizado Em"
"Updated:","Atualizado:"
"Use Aggregated Data (beta)","Utilize Dados Agregados (beta)"
"Use Order Status As Default","Utilizar Estado de Encomenda como Padrão"
"Validate Each Address Separately in Multi-address Checkout","Validar Cada Endereço Separadamente no Checkout de Vários Endereços"
"Value","Valor"
"View","Visualizar"
"View All","Ver tudo"
"View Another Order","Ver Outro Pedido"
"View Order","Ver Encomenda"
"Visible on Frontend","Visível no Frontend"
"Void","Anular"
"Void invoice","Anular fatura"
"Voided authorization.","Autorização anulada."
"Website","Site"
"Weight","Peso"
"Whether buyer can define the date when billing for the profile begins.","Se o comprador pode definir a data em que a fatura para o perfil começa."
"Width","Largura"
"Wishlist","Lista de desejos"
"Wrong billing agreement ID specified.","ID de acordo de faturação incorrecto especificado."
"Wrong quote item id to update configuration.","ID de item de cotação errado para atualizar configuração."
"Wrong state: ""%s"".","Estado incorrecto: ""%s""."
"Yes","Sim"
"You can leave a box blank if you don't wish to add a gift message for whole order","Pode deixar uma caixa em branco se não deseja adicionar uma mensagem de presente para toda a encomenda"
"You don't have permissions to manage this order because of one or more products are not permitted for your website.","Não tem permissões para gerir este pedido porque um ou mais produtos não são permitidos para o seu website."
"You have placed no orders.","Não colocou nenhum pedido."
"You will be redirected to the payment system website.","Será redireccionado para o site do sistema de pagamentos."
"Your credit card will be charged for","Será cobrado no seu cartão de crédito"
"ZIP Code","Código postal"
"ZIP/Post Code","Código Postal"
"Zip/Postal Code","Código Postal"
"cm","cm"
"in","em"
"kg","kg"
"lb","lb"
"the credit memo email is not sent","o e-mail de nota de crédito não é enviada"
"the credit memo email was sent","o e-mail de nota de crédito foi enviada"
"the invoice email is not sent","o e-mail da fatura não é enviada"
"the invoice email was sent","o email da fatura foi enviado"
"the order confirmation email is not sent","o e-mail de confirmação da encomenda não é enviada"
"the order confirmation email was sent","o email de confirmação da encomenda foi enviado"
"the shipment email is not sent","e-mail de expedição não enviado"
"the shipment email was sent","foi enviado o e-mail de envio"
