" The customer does not exist in the system anymore."," El cliente ya no existe en el sistema."
" [deleted]"," [deleted]"
" and "," y "
"%s (Default Template from Locale)","%s (Plantilla predeterminada de Locale)"
"%s cache type(s) disabled.","%s tipo(s) de caché deshabilitado(s)."
"%s cache type(s) enabled.","%s tipo(s) de caché habilitado(s)."
"%s cache type(s) refreshed.","%s tipo(s) de caché actualizado(s)."
"(For Type ""Local Server"" need to use relative path to Maho install var/export or var/import, e.g. var/export, var/import, var/export/some/dir, var/import/some/dir)","(Para el tipo ""Servidor Local"" necesita utilizar la ruta relativa a Maho instalar var/export o var/import, p. ej., var/export, var/import, var/export/some/dir, var/import/some/dir)"
"(For US 2-letter state names)","(Para Estados Unidos nombres de estado de 2 letras)"
"(If left empty will be auto-generated)","(Si se deja vacío se generará automáticamente)"
"(Leave empty for first spreadsheet)","(Dejar vacío para la primera hoja de cálculo)"
"(Products will be added/updated to this store if 'store' column is blank or missing in the import file.)","(Los productos se añadirán/actualizarán a esta tienda si la columna 'almacenar' está en blanco o falta en el archivo de importación.)"
"(Shift-)Click or drag to change value","(Shift-)Haga clic o arrastre para cambiar el valor"
"(Starting with)","(Comenzando con)"
"(When 'No', only mapped fields will be imported. When mapping, use 'column1', 'column2', etc.)","(Cuando 'No', sólo se importarán los campos mapeados. Al mapear, utilice 'column1', 'column2', etc.)"
"(You have to increase php memory_limit before changing this value)","(Tiene que aumentar memory_limit de php antes de cambiar este valor)"
"(\\t for tab)","(\\t para la pestaña)"
"* - If indexing is in progress, it will be killed and new indexing process will start.","* - Si la indexación está en curso, se eliminará y comenzará un nuevo proceso de indexación."
"* Required Fields","* Campos requeridos"
"- Click on any of the time parts to increase it","- Haga clic en cualquiera de las partes de tiempo para aumentarlo"
"- Hold mouse button on any of the above buttons for faster selection.","- Mantenga pulsado el botón del ratón en cualquiera de los botones de arriba para una selección más rápida."
"- Use the %s buttons to select month","- Utilice los botones %s para seleccionar el mes"
"- Use the %s, %s buttons to select month","- Utilice los botones %s, %s para seleccionar el mes"
"- Use the %s, %s buttons to select year","- Utilice los botones %s, %s para seleccionar el año"
"- or Shift-click to decrease it","- o Shift-click para reducirlo"
"- or click and drag for faster selection.","- o haga clic y arrastre para una selección más rápida."
"-- Not Selected --","-- No seleccionado --"
"-- Please Select --","-- Por favor seleccione --"
"-- Please Select Billing Agreement--","-- Por favor, seleccione el acuerdo de facturación--"
"-- Please Select a Category --","-- Por favor, seleccione una Categoría --"
"-- Please select --","-- Por favor, seleccione --"
"--Please Select--","--Por favor seleccionar--"
"1 Hour","1 hora"
"12 Hours","12 horas"
"12h AM/PM","12h AM/PM"
"2 Hours","2 horas"
"24 Hours","24 horas"
"24h","24h"
"2YTD","2YTD"
"6 Hours","6 horas"
"<h1 class=""page-heading"">404 Error</h1><p>Page not found.</p>","<h1 class=""page-heading"">404 Error</h1><p>Page not found.</p>"
"<strong>%s</strong> requests access to your account","<strong>%s</strong> solicita acceso a tu cuenta"
"<strong>Attention</strong>: Captcha is case sensitive.","<strong>Atención</strong>: El captcha es sensible a mayúsculas y minúsculas."
"A user with the same user name or email already exists.","Ya existe un usuario con el mismo nombre de usuario o correo electrónico."
"API Key","Clave API"
"API Key Confirmation","Confirmación de clave API"
"ASCII","ASCII"
"Abandoned Carts","Carritos abandonados"
"About the calendar","Acerca del calendario"
"Access Denied","Acceso denegado"
"Access denied","Acceso denegado"
"Access denied.","Acceso denegado."
"Account Created in:","Cuenta creada en:"
"Account Created on (%s):","Cuenta creada en (%s):"
"Account Created on:","Cuenta creada en:"
"Account Information","Información de la cuenta"
"Account Status","Estado de la cuenta"
"Account status","Estado de la cuenta"
"Action","Accin"
"Actions","Acciones"
"Actions XML","Acciones XML"
"Active","Activo"
"Add","Añadir"
"Add Exception","Añadir Excepción"
"Add Field Mapping","Añadir Mapeo de Campo"
"Add Field with URL:","Añadir campo con URL:"
"Add New","Añadir nuevo"
"Add New Block","Añadir nuevo bloque"
"Add New Image","Añadir nueva imagen"
"Add New Profile","Añadir nuevo perfil"
"Add New Role","Añadir nuevo rol"
"Add New Template","Añadir nueva plantilla"
"Add New URL Rewrite","Añadir nueva reescritura de URL"
"Add New User","Añadir nuevo usuario"
"Add New Variable","Añadir nueva variable"
"Add Products","Añadir productos"
"Add URL Rewrite","Añadir reescritura de URL"
"Add URL Rewrite for a Category","Añadir reescritura de URL para una categoría"
"Add URL Rewrite for a Product","Añadir reescritura URL para un artículo"
"Add after","Añadir después"
"Add new variable","Añadir nueva variable"
"Add to category","Añadir a la categoría"
"Additional Cache Management","Administración de caché adicional"
"Address Type:","Tipo de dirección:"
"Admin","Admin"
"Advanced Profiles","Perfiles avanzados"
"After authorization application will have access to you account.","Después de la solicitud de autorización tendrá acceso a su cuenta."
"Alert","Alerta"
"All","Todos"
"All Allowed Countries","Todos los países permitidos"
"All Cache","Toda la caché"
"All Files","Todos los archivos"
"All Reviews","Todas las revisiones"
"All Store Views","Todas las vistas de la tienda"
"All Storefronts","Todos los escaparates"
"All Tags","Todas las etiquetas"
"All Websites","Todos los sitios web"
"All countries","Todos los países"
"All fields","Todos los campos"
"All possible rates were fetched, please click on ""Save"" to apply","Se obtuvieron todas las tarifas posibles, por favor haga clic en ""Guardar"" para aplicar"
"All rates were fetched, please click on ""Save"" to apply","Todas las tarifas fueron obtenidas, por favor haga clic en ""Guardar"" para aplicar"
"All valid rates have been saved.","Todas las tarifas válidas han sido guardadas."
"Allowed","Permitido"
"Already in category","Ya está en la categoría"
"Always (during development)","Siempre (durante desarrollo)"
"Amounts","Importes"
"An error has occured while syncronizing media storages.","Se ha producido un error al sincronizar el almacenamiento multimedia."
"An error occurred while adding condition.","Se ha producido un error al añadir la condición."
"An error occurred while clearing the JavaScript/CSS cache.","Se ha producido un error al limpiar la caché JavaScript/CSS."
"An error occurred while clearing the configurable swatches image cache.","Se ha producido un error al limpiar la caché de imágenes de las muestras configurables."
"An error occurred while clearing the image cache.","Se ha producido un error al limpiar la caché de imágenes."
"An error occurred while deleting URL Rewrite.","Se ha producido un error al eliminar la reescritura de URL."
"An error occurred while deleting email template data. Please review log and try again.","Se ha producido un error al eliminar los datos de la plantilla de correo electrónico. Por favor, revise el registro y vuelva a intentarlo."
"An error occurred while deleting record(s).","Se ha producido un error al eliminar registro(s)."
"An error occurred while deleting this role.","Se ha producido un error al eliminar este rol."
"An error occurred while deleting this set.","Se ha producido un error al eliminar este conjunto."
"An error occurred while deleting this template.","Se ha producido un error al eliminar esta plantilla."
"An error occurred while finishing process. Please refresh the cache","Se ha producido un error al finalizar el proceso. Por favor, actualiza la caché"
"An error occurred while logging in.","Se ha producido un error al iniciar sesión."
"An error occurred while rebuilding the CatalogInventory Stock Status.","Ocurrió un error mientras se reconstruía el estado del inventario de cataloges."
"An error occurred while rebuilding the catalog index.","Se ha producido un error al reconstruir el índice del catálogo."
"An error occurred while rebuilding the flat catalog category.","Se ha producido un error al reconstruir la categoría de catálogo plano."
"An error occurred while rebuilding the flat product catalog.","Se ha producido un error al reconstruir el catálogo de productos planos."
"An error occurred while rebuilding the search index.","Ocurrió un error mientras se reconstruía el índice de búsqueda."
"An error occurred while refreshing roles.","Ocurrió un error mientras se actualizaban los roles."
"An error occurred while refreshing the Catalog Rewrites.","Se ha producido un error al actualizar las reescrituras del catálogo."
"An error occurred while refreshing the Layered Navigation indices.","Se ha producido un error al actualizar los índices de navegación por capas."
"An error occurred while refreshing the catalog rewrites.","Se ha producido un error al actualizar las reescrituras del catálogo."
"An error occurred while refreshing the layered navigation indices.","Se ha producido un error al actualizar los índices de navegación por capas."
"An error occurred while saving URL Rewrite.","Se ha producido un error al guardar la reescritura de URL."
"An error occurred while saving account.","Se ha producido un error al guardar la cuenta."
"An error occurred while saving review.","Se ha producido un error al guardar la reseña."
"An error occurred while saving the customer.","Se ha producido un error al guardar el cliente."
"An error occurred while saving this configuration:","Se ha producido un error al guardar esta configuración:"
"An error occurred while saving this role.","Ocurrió un error mientras se guardaba este rol."
"An error occurred while saving this template.","Se ha producido un error al guardar esta plantilla."
"An error occurred while updating the selected review(s).","Ocurrió un error mientras se actualizaban las reseñas seleccionadas."
"Any","Cualquier"
"Any Attribute Set","Cualquier conjunto de atributos"
"Any Group","Cualquier grupo"
"Any Status","Cualquier estado"
"Any Store","Cualquier tienda"
"Any Type","Cualquier tipo"
"Any Visibility","Cualquier visibilidad"
"Any data created since the backup was made will be lost including admin users, customers and orders.","Cualquier dato creado desde que se hizo la copia de seguridad se perderá, incluyendo usuarios administradores, clientes y pedidos."
"Archive file name:","Nombre del archivo:"
"Are you sure that you want to delete this template?","¿Está seguro que desea eliminar esta plantilla?"
"Are you sure that you want to strip tags?","¿Estás seguro de que quieres eliminar las etiquetas?"
"Are you sure you want to do this?","¿Estás seguro de que quieres hacer esto?"
"Are you sure you want to proceed?","¿Está seguro que desea continuar?"
"Area","Área"
"As low as:","Tan bajo como:"
"Assigned","Asignado"
"Associated Tags","Etiquetas asociadas"
"Attribute Set Name:","Nombre del Conjunto de Atributo:"
"Attributes","Atributos"
"Authorization confirmed","Autorización confirmada"
"Authorize","Autorizar"
"Authorize application","Autorizar aplicación"
"Authorized OAuth Tokens","Tokens de OAuth autorizados"
"Automatic (equalize price ranges)","Automático (igualar rangos de precios)"
"Automatic (equalize product counts)","Automático (ecualizar el número de productos)"
"Average Order Amount","Cantidad media del pedido"
"Average Orders","Promedio de pedidos"
"BINARY","BINARIO"
"Back","Atrás"
"Back to Login","Volver a Login"
"Backend Locale","Fondo regional"
"Backup","Respaldo"
"Backup Name","Nombre de copia de seguridad"
"Backup options","Opciones de respaldo"
"Backups","Copias de seguridad"
"Base currency","Moneda base"
"Bcc","Cco"
"Bestsellers","Bestsellers"
"Billing Address","Dirección de facturación"
"Billing Address: ","Dirección de facturación: "
"Billing Agreement","Acuerdo de facturación"
"Billing Agreements","Acuerdos de facturación"
"Block Details","Detalles del bloque"
"Block Information","Información del bloque"
"Block Name","Nombre del bloque"
"Block Name is disallowed.","El nombre del bloque no está permitido."
"Block Name is incorrect.","El nombre del bloque es incorrecto."
"Block Name is required field.","Nombre del bloque es obligatorio."
"Block has been deleted.","Bloque ha sido eliminado."
"Blocks","Bloques"
"Both (without and with tax)","Ambos (sin y con impuestos)"
"Both IPN and PDT","IPN y PDT"
"Browse Files...","Navegar archivos..."
"Bundle with dynamic pricing cannot include custom defined options. Options will not be saved.","El paquete con precio dinámico no puede incluir opciones personalizadas. Las opciones no se guardarán."
"By Email","Por Email"
"By IP","Por IP"
"By IP and Email","Por IP y Email"
"CMS","CMS"
"CRITICAL","CRITICOS"
"CSV","CSV"
"CSV / Tab separated","Separado por CSV / pestaña"
"Cache Control","Control de caché"
"Cache Control (beta)","Control de caché (beta)"
"Cache Management","Administración de caché"
"Cache Type","Cache Type"
"Cancel","Cancelar"
"Cancel detach","Cancelar desvío"
"Cannot add new comment.","No se puede añadir un nuevo comentario."
"Cannot add tracking number.","No se puede añadir el número de seguimiento."
"Cannot create an invoice without products.","No se puede crear una factura sin productos."
"Cannot create credit memo for the order.","No se puede crear la factura rectificada para el pedido."
"The credit memo no longer exists.","La factura rectificada ya no existe."
"Cannot delete the design change.","No se puede eliminar el cambio de diseño."
"Cannot delete tracking number.","No se puede eliminar el número de seguimiento."
"The shipment no longer exists.","El envío ya no existe."
"Cannot do shipment for the order separately from invoice.","No se puede hacer el envío del pedido por separado de la factura."
"Cannot do shipment for the order.","No se puede hacer el envío para el pedido."
"Cannot initialize shipment for adding tracking number.","No se puede inicializar el envío para añadir número de seguimiento."
"Cannot initialize shipment for delete tracking number.","No se puede inicializar el envío para eliminar el número de seguimiento."
"Cannot load track with retrieving identifier.","No se puede cargar la pista con el identificador de recuperación."
"Cannot retrieve tracking number detail.","No se puede recuperar el detalle del número de seguimiento."
"Cannot save shipment.","No se puede guardar el envío."
"Cannot save the credit memo.","No se puede guardar la factura rectificada."
"Cannot send shipment information.","No se puede enviar información de envío."
"Cannot update item quantity.","No se puede actualizar la cantidad del artículo."
"Cannot update the item's quantity.","No se puede actualizar la cantidad del artículo."
"Card Verification Number","Número de verificación de tarjeta"
"Catalog","Catálogo"
"Catalog Price Rules","Reglas de precio de catálogo"
"Catalog Rewrites","Reescrituras de catálogo"
"Categories","Categorías"
"Category","Categoría"
"Category:","Categoría:"
"Chart is disabled. If you want to enable chart, click <a href=""%s"">here</a>.","La carta está deshabilitada. Si desea activar el gráfico, haga clic <a href=""%s"">aquí</a>."
"Checkbox","Casilla"
"Child Transactions","Transacciones hijas"
"Choose Store View:","Elegir vista de tienda:"
"Choose an attribute","Elija un atributo"
"Chosen category does not associated with any website, so url rewrite is not possible.","Categoría elegida no está asociada con ningún sitio web, por lo que no es posible reescribir la url."
"Chosen product does not associated with any website, so url rewrite is not possible.","El producto elegido no está asociado con ningún sitio web, por lo que no es posible reescribir la url."
"Clear","Claro"
"Close","Cerrar"
"Code","Código"
"Color must be in hexadecimal format with the hash character","El color debe estar en formato hexadecimal con el carácter hash"
"Color must be in hexadecimal format without the hash character","El color debe estar en formato hexadecimal sin el carácter hash"
"Comment text field cannot be empty.","El campo de texto del comentario no puede estar vacío."
"Complete","Complete"
"Config form fieldset clone model required to be able to clone fields","Configuración del formulario de fieldset modelo clon requerido para poder clonar campos"
"Configuration","Configuración"
"Confirm New Password","Confirmar nueva contraseña"
"Confirm token authorization Pop Up for admin","Confirmar token Pop Up para el administrador"
"Confirm token authorization for admin","Confirmar autorización de token para el administrador"
"Confirmation Of Authorization","Confirmación de autorización"
"Confirmed email:","Correo electrónico confirmado:"
"Continue","Continuar"
"Convert to Plain Text","Convertir a texto plano"
"Cookie (unsafe)","Cookie (inseguro)"
"Country","País"
"Country:","País:"
"Coupons","Cupones"
"Create","Crear"
"Create DB Backup","Crear copia de seguridad de DB"
"Create New Attribute","Crear nuevo atributo"
"Create URL Rewrite:","Create URL Rewrite:"
"Created At","Creado el"
"Creation date","Fecha de creación"
"Credit Card %s","Tarjeta de crédito %s"
"Credit Card Number","Número de tarjeta de crédito"
"Credit Card Number: xxxx-%s","Número de Tarjeta de Crédito: xxx-%s"
"Credit Card Type","Tipo de tarjeta de crédito"
"Credit Card Type: %s","Tipo de Tarjeta de Crédito: %s"
"Credit Memo History","Historial de factura rectificada"
"Credit Memo Totals","Total de la factura rectificada"
"Credit Memos","Memos de crédito"
"Credit memo #%s comment added","Comentario de nota de crédito #%s añadido"
"Credit memo #%s created","Factura de crédito #%s creada"
"Credit memo's total must be positive.","El total de la factura rectificativa debe ser positivo."
"Critical","Crítico"
"Currency","Moneda"
"Currency ""%s"" is used as %s in %s.","La moneda ""%s"" se utiliza como %s en %s."
"Currency Information","Información de Moneda"
"Currency doesn't exist.","La moneda no existe."
"Current Admin Password","Contraseña actual del administrador"
"Current Configuration Scope:","Alcance de configuración actual:"
"Current Month","Mes actual"
"Custom","Personalizado"
"Custom Variable ""%s""","Variable personalizada ""%s"""
"Custom Variables","Variables personalizadas"
"Customer","Cliente"
"Customer Group:","Grupo de clientes:"
"Customer Groups","Grupos de clientes"
"Customer Name","Nombre del cliente"
"Customer Reviews","Reseñas del cliente"
"Customer Shopping Carts","Carritos de la compra del cliente"
"Customer Since:","Cliente desde:"
"Customer Tax Classes","Clases de impuestos del cliente"
"Customer with the same email already exists.","Ya existe un cliente con el mismo correo electrónico."
"Customers","Clientes"
"Customers by Number of Orders","Clientes por número de pedidos"
"Customers by Orders Total","Clientes por total de pedidos"
"DHTML Date/Time Selector","Selector de fecha/hora DHTML"
"Dashboard","Tablero"
"Data Format","Formato de datos"
"Data transfer:","Transferencia de datos:"
"Database","Base de datos"
"Dataflow - Advanced Profiles","Flujo de datos - Perfiles avanzados"
"Dataflow - Profiles","Dataflow - Profiles"
"Date","Fecha"
"Date & Time","Fecha y hora"
"Date Added","Fecha añadida"
"Date Updated","Fecha Actualizada"
"Date selection:","Selección de fecha:"
"Date selector","Selección de fecha"
"Day","Día"
"Debug","Debug"
"Decimal separator:","Separador decimal:"
"Default (Admin) Values","Valores por defecto (Admin)"
"Default Billing Address","Dirección de facturación por defecto"
"Default Config","Default Config"
"Default Template from Locale","Plantilla predeterminada del idioma"
"Default Values","Valores por defecto"
"Default display currency ""%s"" is not available in allowed currencies.","Moneda de visualización predeterminada ""%s"" no está disponible en monedas permitidas."
"Default scope","Ámbito por defecto"
"Delete","Eliminar"
"Delete %s","Eliminar %s"
"Delete %s '%s'","Eliminar %s '%s'"
"Delete Block","Eliminar bloque"
"Delete File","Eliminar archivo"
"Delete Image","Borrar imagen"
"Delete Profile","Eliminar perfil"
"Delete Role","Eliminar rol"
"Delete Store","Eliminar tienda"
"Delete Store View","Eliminar vista de tienda"
"Delete Template","Eliminar Plantilla"
"Delete User","Eliminar usuario"
"Delete Variable","Eliminar Variable"
"Delete Website","Eliminar sitio web"
"Description","Descripción"
"Design","Diseño"
"Detach from category","Separar de la categoría"
"Details","Detalles"
"Direction:","Dirección:"
"Disable","Desactivar"
"Disabled","Deshabilitado"
"Disallowed block name for frontend.","Nombre de bloque no permitido para el frontend."
"Display %s first","Mostrar primero %s"
"Display default currency","Mostrar moneda predeterminada"
"Distributed under GNU LGPL. See %s for details.","Distribuido bajo GNU LGPL. Consulte %s para más detalles."
"Do you really want to KILL parallel process and start new indexing process?","¿Realmente quiere KILL proceso paralelo e iniciar un nuevo proceso de indexación?"
"Do you really want to proceed?","¿Realmente desea continuar?"
"Download","Descargar"
"Download SKUs","Descargar SKUs"
"Downloads","Descargas"
"Drag to move","Arrastre para mover"
"Drop-down","Soltar-abajo"
"Edit","Editar"
"Edit Block","Editar bloque"
"Edit Block '%s'","Editar bloque '%s'"
"Edit Design Change","Editar cambio de diseño"
"Edit Email Template","Editar plantilla de email"
"Edit Order","Editar pedido"
"Edit Poll","Editar encuesta"
"Edit Queue","Editar cola"
"Edit Review","Editar reseña"
"Edit Role","Editar rol"
"Edit Store View","Editar vista de tienda"
"Edit System Template","Editar plantilla del sistema"
"Edit Template","Editar plantilla"
"Edit URL Rewrite","Editar reescritura de URL"
"Edit User","Editar usuario"
"Edit User '%s'","Editar usuario '%s'"
"Edit Variable","Editar variable"
"Edit Variable '%s'","Editar variable '%s'"
"Edit Website","Editar sitio web"
"Email","E-mail"
"Email Address:","Dirección de email:"
"Email to a Friend","Enviar correo a un amigo"
"Email:","Email:"
"Emergency","Emergencia"
"Enable","Activar"
"Enabled","Activado"
"Enclose Values In:","Adjuntar valores en:"
"Enter a comma separated list of SKUs that will always be displayed at the top of your category","Introduzca una lista separada por comas de SKUs que siempre se mostrará en la parte superior de su categoría"
"Entity Attributes","Atributos de la entidad"
"Entity Type","Tipo de entidad"
"Entity type:","Tipo de entidad:"
"Error","Error"
"Excel XML","Excel XML"
"Excl. Tax","Excl. impuestos"
"Excl. Tax:","Excl. impuesto:"
"Exclude media folder from backup","Excluir carpeta multimedia del respaldo"
"Expiration Date","Fecha de caducidad"
"Expiration Date: %s/%s","Fecha de caducidad: %s/%s"
"Export","Exportar"
"Export CSV","Exportar CSV"
"Export Filters","Exportar filtros"
"Export to:","Exportar a:"
"Export:","Exportar:"
"FTP Host","Servidor FTP"
"FTP Host[:Port]","FTP Host[:Port]"
"FTP Login","Login FTP"
"FTP Password","Contraseña FTP"
"FTP credentials","Credenciales FTP"
"Failed","Fallo"
"Failed to add a product to cart by id ""%s"".","No se pudo agregar un producto al carrito con id ""%s""."
"Failed to cancel the billing agreement.","No se ha podido cancelar el acuerdo de facturación."
"Failed to clear the JavaScript/CSS cache.","Error al borrar la caché JavaScript/CSS."
"Failed to delete the billing agreement.","No se pudo eliminar el acuerdo de facturación."
"Failed to update the profile.","Error al actualizar el perfil."
"Field","Campo"
"Field Mapping","Mapeo de Campo"
"File","Fichero"
"File Information","Información del archivo"
"File System","Sistema de archivos"
"File mode","Modo archivo"
"File name:","Nombre de archivo:"
"File size should be more than 0 bytes","El tamaño del archivo debe ser superior a 0 bytes"
"Finished profile execution.","Ejecución de perfil finalizada."
"First Invoice Created Date","Primera factura creada"
"First Name","Nombre"
"First Name is required field.","El nombre es obligatorio."
"First Name:","Primer nombre:"
"Fixed","Fijado"
"Flush Catalog Images Cache","Limpiar caché de imágenes de catálogo"
"Flush JavaScript/CSS Cache","Vaciar Caché JavaScript/CSS"
"Flush Swatch Images Cache","Vaciar caché de imágenes"
"For category","Para la categoría"
"For latest version visit: %s","Para la última versión visite: %s"
"For product","Para el producto"
"Forgot Admin Password","Olvidó la contraseña del administrador"
"Forgot your password?","¿Olvidaste tu contraseña?"
"Forgot your user name or password?","¿Olvidaste tu nombre de usuario o contraseña?"
"From","De"
"GLOBAL","GLOBAL"
"Gb","Gb"
"General Information","Información General"
"Get Image Base64","Obtener imagen Base64"
"Give the verifier code to application administrator","Dar el código de verificación al administrador de la aplicación"
"Global Attribute","Atributo global"
"Global Record Search","Búsqueda de Registro Global"
"Global Search","Búsqueda global"
"Go Today","Ir hoy"
"Go to Top","Ir arriba"
"Go to messages inbox","Ir a la bandeja de entrada de mensajes"
"Go to notifications","Ir a las notificaciones"
"Google Base","Google Base"
"Google Content","Contenido de Google"
"Google Sitemaps","Google Sitemaps"
"Grand Total","Total"
"Grid (default) / List","Cuadrícula (por defecto) / Lista"
"Grid Only","Sólo cuadrícula"
"Group:","Grupo:"
"Guest","Invitado"
"HTTP (unsecure)","HTTP (no seguro)"
"HTTPS (SSL)","HTTPS (SSL)"
"Helper attributes should not be used in custom layout updates.","Los atributos de ayuda no deben ser usados en actualizaciones de diseño personalizadas."
"Helper for options rendering doesn't implement required interface.","El ayudante para el renderizado de opciones no implementa la interfaz requerida."
"Hero Products","Productos del Héroe"
"Home","Inicio"
"ID","ID"
"ID Path","Ruta ID"
"IP Address","Dirección IP"
"IPN (Instant Payment Notification) Only","IPN (Sólo notificación de pago instantáneo)"
"Id","Id"
"If there is an account associated with %s you will receive an email with a link to reset your password.","Si hay una cuenta asociada con %s , recibirás un correo electrónico con un enlace para restablecer tu contraseña."
"If this message persists, please contact the store owner.","Si este mensaje persiste, póngase en contacto con el propietario de la tienda."
"If you do not specify an option value for a specific store view then the default (Admin) value will be used.","Si no especifica un valor de opción para una vista de tienda específica, entonces se utilizará el valor predeterminado (Admin)."
"Images (.gif, .jpg, .png)","Images (.gif, .jpg, .png)"
"Images Cache","Images Cache"
"Import","Importar"
"Import Service","Importar Servicio"
"Import and Export","Importar y exportar"
"Import and Export Tax Rates","Impuestos de importación y exportación"
"Import/Export","Importar/Exportar"
"Import/Export Advanced","Importar/Exportar avanzado"
"Import/Export Profile","Importar/Exportar perfil"
"Important: ","Importante: "
"Imported <strong>%s</strong> records","Imported <strong>%s</strong> records"
"In","En"
"In Database:","En Base de Datos:"
"In File:","En Archivo:"
"Inactive","Inactivo"
"Incl. Tax","Incl. impuestos"
"Incl. Tax:","Incl. impuesto:"
"Incoming Message","Mensaje entrante"
"Informational","Informativo"
"Insert Variable...","Insertar variable..."
"Interactive","Interactivo"
"Interface Locale: %s","Idioma de interfaz: %s"
"Invalid Form Key. Please refresh the page.","Clave de formulario no válida. Por favor, actualiza la página."
"Invalid Import Service Specified","Servicio de importación no válido especificado"
"Invalid POST data (please check post_max_size and upload_max_filesize settings in your php.ini file).","Datos POST no válidos (compruebe la configuración post_max_size y upload_max_filesize en su archivo php.ini)."
"Invalid Secret Key. Please refresh the page.","Clave secreta no válida. Por favor, actualiza la página."
"Invalid User Name or Password.","Nombre de usuario o contraseña no válidos."
"Invalid data","Datos no válidos"
"Invalid directory: %s","Directorio no válido: %s"
"Invalid email address ""%s"".","Dirección de correo electrónico no válida ""%s""."
"Invalid email address.","Dirección de correo inválida."
"Invalid file extension used for log file. Allowed file extensions: log, txt, html, csv","Extensión de archivo no válida usada para el archivo de registro. Extensiones de archivo permitidas: log, txt, html, csv"
"Invalid file: %s","Archivo no válido: %s"
"Invalid input data for %s => %s rate","Datos de entrada no válidos para la tasa %s => %s"
"Invalid parent block for this block","Bloque padre no válido para este bloque"
"Invalid parent block for this block.","Bloque padre no válido para este bloque."
"Invalid password reset token.","Token de restablecimiento de contraseña inválido."
"Invalid response","Respuesta no válida"
"Invalid sender name ""%s"". Please use only visible characters and spaces.","Nombre de remitente no válido ""%s"". Utilice sólo caracteres visibles y espacios."
"Invalid template data.","Datos de plantilla inválidos."
"Invalid template path used in layout update.","Ruta de plantilla no válida usada en la actualización del diseño."
"Invalid timezone","Zona horaria inválida"
"Invalidated","Invalidado"
"Inventory Stock Status","Estado de stock del inventario"
"Invoice #%s comment added","Comentario añadido de factura #%s"
"Invoice #%s created","Factura #%s creada"
"Invoice History","Historial de Facturas"
"Invoice Totals","Total de la factura"
"Invoice canceling error.","Error al cancelar la factura."
"Invoice capturing error.","Error al capturar la factura."
"Invoice voiding error.","Invoice voiding error."
"Invoices","Facturas"
"Is Allowed","Está permitido"
"Is Allowed is required field.","Está permitido es obligatorio."
"Is Closed","Está cerrado"
"Is Default","Es por defecto"
"Issue Number","Número de petición"
"Items","Elementos"
"JavaScript seems to be disabled in your browser.","Parece que JavaScript está desactivado en su navegador."
"JavaScript/CSS","JavaScript/CSS"
"JavaScript/CSS Cache","Caché JavaScript/CSS"
"Kb","Kb"
"Key %s does not contain scalar value","La clave %s no contiene valor escalar"
"Key %s does not exist in array","La clave %s no existe en la matriz"
"Last 24 Hours","Últimas 24 horas"
"Last 5 Orders","Últimos 5 pedidos"
"Last 5 Search Terms","Últimos 5 términos de búsqueda"
"Last 7 Days","Últimos 7 días"
"Last Credit Memo Created Date","Fecha de Creación de la última factura de crédito"
"Last Invoice Created Date","Última factura creada"
"Last Logged In (%s):","Última sesión iniciada (%s):"
"Last Logged In:","Última conexión conectada:"
"Last Name","Apellido"
"Last Name is required field.","El campo apellido es obligatorio."
"Last Name:","Apellido:"
"Last updated: %s. To refresh last day's <a href=""%s"">statistics</a>, click <a href=""%s"">here</a>.","Last updated: %s. To refresh last day's <a href=""%s"">statistics</a>, click <a href=""%s"">here</a>."
"Latest Message:","Último mensaje:"
"Layered Navigation Indices","Indices de Navegación Capilados"
"Layered Navigation Indices were refreshed.","Se actualizaron los Indices de Navegación de Capas."
"Leave empty to use tax identifier","Dejar vacío para usar el identificador de impuestos"
"Lifetime Sales","Ventas de por vida"
"Lifetime statistics have been updated.","Se han actualizado las estadísticas de por vida."
"Links","Enlaces"
"Links with associated products will retain only after saving current product.","Los enlaces con los productos asociados sólo se conservarán después de guardar el producto actual."
"List (default) / Grid","Lista (por defecto) / cuadrícula"
"List Only","Sólo lista"
"Load Template","Cargar plantilla"
"Load default template","Cargar plantilla predeterminada"
"Loading...","Cargando..."
"Local Server","Servidor local"
"Local/Remote Server","Servidor Local/Remoto"
"Locale","Local"
"Log In","Iniciar sesión"
"Log Out","Cerrar sesión"
"Log in to Admin Panel","Iniciar sesión en el Panel de Admin"
"Log in to use <strong>%s</strong>","Inicia sesión para usar <strong>%s</strong>"
"Log into Maho Admin Page","Iniciar sesión en Maho Admin Page"
"Logged in as %s","Logged in as %s"
"Login","Ingresar"
"Low Stock","Baja stock"
"MAJOR","MAJOR"
"MINOR","MINOR"
"MS Excel XML","MS Excel XML"
"Maho Admin","Admin Maho"
"Maho Logo","Logo de Maho"
"Maho root directory","Directorio raíz de Maho"
"Maho %s","Maho %s"
"Make sure that data encoding in the file is consistent and saved in one of supported encodings (UTF-8 or ANSI).","Asegúrese de que la codificación de datos en el archivo es consistente y se guarda en una de las codificaciones soportadas (UTF-8 o ANSI)."
"Manage Attribute Sets","Administrar conjuntos de atributos"
"Manage Attributes","Administrar atributos"
"Manage Categories","Administrar categorías"
"Manage Content","Administrar contenido"
"Manage Currency Rates","Administrar tipos de cambio"
"Manage Customers","Administrar clientes"
"Manage Options (values of your attribute)","Administrar opciones (valores de su atributo)"
"Manage Ratings","Administrar calificaciones"
"Manage Stores","Administrar tiendas"
"Manage Tax Rules","Administrar reglas de impuestos"
"Manage Tax Zones and Rates","Administrar Zona de Impuestos y Tarifas"
"Manage Titles (Size, Color, etc.)","Administrar títulos (tamaño, color, etc.)"
"Manual","Manual"
"Mass Product Assignment","Asignación masiva de productos"
"Matched Expression","Expresión coincidente"
"Maximum sender name length is 255. Please correct your settings.","La longitud máxima del nombre del remitente es 255. Por favor, corrija la configuración."
"Mb","Mb"
"Media (.avi, .flv, .swf)","Medios (.avi, .flv, .swf)"
"Media storages synchronization has completed!","¡La sincronización de almacenamientos multimedia se ha completado!"
"Messages Inbox","Buzón de mensajes"
"Month","Mes"
"Most Viewed","Más vistos"
"Most Viewed Products","Productos más vistos"
"Move to bottom","Mover hacia abajo"
"Move to top","Mover arriba"
"Multiple Select","Selección múltiple"
"My Account","Mi cuenta"
"My Applications","Mis Aplicaciones"
"N/A","N/A"
"NOTICE","AVISO"
"Name","Nombre"
"Name on Card","Nombre en la tarjeta"
"Name on the Card: %s","Nombre en la tarjeta: %s"
"Name:","Nombre:"
"Never (production)","Nunca (producción)"
"New ","Nuevo "
"New API Key","Nueva Clave API"
"New Accounts","Nuevas cuentas"
"New Attribute","Nuevo atributo"
"New Block","Nuevo Bloque"
"New Category","Nueva Categoría"
"New Class","Nueva clase"
"New Condition","Nueva condición"
"New Custom Variable","Nueva variable personalizada"
"New Customer","Nuevo cliente"
"New Customers","Nuevos clientes"
"New Design Change","Nuevo cambio de diseño"
"New Email Template","Nueva plantilla de email"
"New Group","Nuevo grupo"
"New Invoice","Nueva factura"
"New Item Type","Nuevo tipo de elemento"
"New Memo","Nueva nota"
"New Memo for #%s","Nueva nota para #%s"
"New Page","Nueva página"
"New Password","Nueva contraseña"
"New Poll","Nueva encuesta"
"New Profile","Nuevo perfil"
"New Rate","Nueva tarifa"
"New Rating","Nueva puntuación"
"New Review","Nueva reseña"
"New Role","Nuevo rol"
"New Rule","Nueva regla"
"New Search","Nueva búsqueda"
"New Set","Nuevo Conjunto"
"New Shipment","Nuevo envío"
"New Sitemap","Nuevo mapa del sitio"
"New Store View","Nueva vista de tienda"
"New System Template","Nueva plantilla de sistema"
"New Tag","Nueva etiqueta"
"New Template","Nueva plantilla"
"New User","Nuevo usuario"
"New Variable","Nueva variable"
"New Website","Nuevo sitio web"
"New attribute set mapping","Nuevo mapeo de atributos"
"New block","Nuevo bloque"
"New password field cannot be empty.","El campo de la nueva contraseña no puede estar vacío."
"Newsletter","Boletín"
"Newsletter Problems","Problemas del boletín de noticias"
"Newsletter Queue","Cola de boletín"
"Newsletter Subscribers","Suscriptores del boletín de noticias"
"Newsletter Templates","Plantillas del boletín de noticias"
"Next month (hold for menu)","Mes siguiente (mantener para el menú)"
"Next year (hold for menu)","Año siguiente (mantener para el menú)"
"No","Nu"
"No (price without tax)","No (precio sin impuestos)"
"No Data","Sin datos"
"No Data Found","Datos no encontrados"
"No Products","No hay productos"
"No Templates Found","Plantillas no encontradas"
"No change","Sin cambios"
"No customer id defined.","Id de cliente no definido."
"No information available.","No hay información disponible."
"No profile loaded...","Ningún perfil cargado..."
"No records found for this period.","No se encontraron registros para este período."
"No records found.","No se encontraron registros."
"No report code specified.","Ningún código de informe especificado."
"No search keywords.","No hay palabras clave de búsqueda."
"No search modules were registered","No se han registrado módulos de búsqueda"
"No wishlist item id defined.","No hay elemento de lista de deseos definido."
"None","Ninguna"
"Not allowed","No permitido"
"Note:","Nota:"
"Notes","Notas"
"Notifications","Notificaciones"
"Notice","Aviso"
"Number of Orders","Número de pedidos"
"Number of Uses","Número de usos"
"Number of Views","Número de visitas"
"Number of records:","Número de registros:"
"OAuth Consumers","Consumidores de OAuth"
"OAuth authorization for admin","Autorización OAuth para el administrador"
"OAuth authorization simple for admin","Autorización OAuth simple para el administrador"
"OK","Ok"
"Old rate:","Tasa antigua:"
"Once you log into your PayPal Advanced account, navigate to the Service Settings - Hosted Checkout Pages - Set Up menu and set the options described below","Una vez que inicie sesión en su cuenta Avanzada de PayPal, navegar a la configuración del servicio - Páginas de pago alojadas - Configurar el menú y establecer las opciones descritas a continuación"
"Once you log into your PayPal Payflow Link account, navigate to the Service Settings - Hosted Checkout Pages - Set Up menu and set the options described below","Una vez que inicie sesión en su cuenta Payflow Link navegar a la configuración del servicio - Páginas de pago alojadas - Configurar el menú y establecer las opciones descritas a continuación"
"One or more media files failed to be synchronized during the media storages syncronization process. Refer to the log file for details.","No se pudo sincronizar uno o más archivos multimedia durante el proceso de sincronización de almacenamientos de medios. Consulte el archivo de registro para más detalles."
"One or more of the Cache Types are invalidated:","Uno o más de los tipos de caché no son válidos:"
"Online Customers","Clientes en línea"
"Only Once (version upgrade)","Sólo una vez (versión actualizada)"
"Only attributes with scope ""Global"", input type ""Dropdown"" and Use To Create Configurable Product ""Yes"" are available.","Sólo están disponibles atributos con el ámbito ""Global"", tipo de entrada ""Dropdown"" y Usar para crear un producto configurable ""Si""."
"Only mapped fields","Solo campos mapeados"
"Maho Project","Proyecto Maho"
"Optional","Opcional"
"Options","Opciones"
"Options is required","Las opciones son requeridas"
"Options: ","Opción: "
"Order","Pedido"
"Order #%s","Pedido #%s"
"Order #%s (%s)","Pedido #%s (%s)"
"Order Created Date","Fecha de creación del pedido"
"Order ID","ID del pedido"
"Order Totals","Total del pedido"
"Order Updated Date","Fecha de actualización del pedido"
"Order Updated Date report is real-time, does not need statistics refreshing.","El informe de Fecha de la orden actualizado es en tiempo real, no necesita que las estadísticas se actualicen."
"Orders","Pedidos"
"Original Maho attribute names in first row:","Nombres originales de atributos Maho en la primera fila:"
"Orphaned Role Resource","Recurso de rol huérfano"
"Orphaned Role Resources","Recursos de rol huérfanos"
"Out of stock","Sin stock"
"PDT (Payment Data Transfer) Only","Sólo PDT (transferencia de datos de pago)"
"Pages","Páginas"
"Parent Product Thumbnail","Miniatura del producto padre"
"Parent Transaction ID","ID de transacción padre"
"Passive mode","Modo pasivo"
"Password","Contraseña"
"Password Confirmation","Confirmación de contraseña"
"Password confirmation must be same as password.","La confirmación de contraseña debe ser igual que la contraseña."
"Password must be at least of %d characters.","La contraseña debe tener al menos caracteres %d."
"Password must include both numeric and alphabetic characters.","La contraseña debe contener tanto caracteres numéricos como alfabéticos."
"Password:","Contraseña:"
"Path:","Ruta:"
"Payment method instance is not available.","La instancia del método de pago no está disponible."
"Payment method is not available.","El método de pago no está disponible."
"Payment method must be specified.","El método de pago debe ser especificado."
"Pending Reviews","Reseñas pendientes"
"Pending Tags","Etiquetas pendientes"
"Per Item","Por objeto"
"Per Order","Por pedido"
"Percent","Porcentaje"
"Performed At","Realizado en"
"Period","Período"
"Permanent (301)","Permanente (301)"
"Permissions","Permisos"
"Personal Information","Información Personal"
"Phone:","Teléfono:"
"Please Select","Seleccione"
"Please confirm site switching. All data that hasn't been saved will be lost.","Por favor, confirme el cambio de sitio. Todos los datos que no se hayan guardado se perderán."
"Please select a parent category before adding a new one.","Por favor, seleccione una categoría padre antes de añadir una nueva."
"Please enter 6 or more characters.","Por favor, introduzca 6 o más caracteres."
"Please enter a number greater than 0 in this field.","Por favor, introduzca un número mayor que 0 en este campo."
"Please enter a valid $ amount. For example $100.00.","Por favor ingrese una cantidad válida de $. Por ejemplo $100.00."
"Please enter a valid URL. For example http://www.example.com or www.example.com","Por favor, introduzca una URL válida. Por ejemplo http://www.example.com o www.example.com"
"Please enter a valid URL. http:// is required","Por favor, introduzca una URL válida. http:// es necesario"
"Please enter a valid credit card number.","Por favor, introduzca un número de tarjeta de crédito válido."
"Please enter a valid date.","Introduzca una fecha válida."
"Please enter a valid email address. For example johndoe@domain.com.","Por favor, introduzca una dirección de correo electrónico válida. Por ejemplo johndoe@domain.com."
"Please enter a valid email.","Por favor, introduzca un correo electrónico válido."
"Please enter a valid number in this field.","Por favor, introduzca un número válido en este campo."
"Please enter a valid phone number. For example (123) 456-7890 or 123-456-7890.","Por favor, introduzca un número de teléfono válido. Por ejemplo (123) 456-7890 o 123-456-7890."
"Please enter a valid social security number. For example 123-45-6789.","Por favor, introduzca un número de seguridad social válido. Por ejemplo 123-45-6789."
"Please enter a valid value from list","Por favor, introduzca un valor válido de la lista"
"Please enter a valid value, ex: 10,20,30","Por favor, introduzca un valor válido, por ejemplo: 10,20,30"
"Please enter a valid zip code.","Por favor, introduzca un código postal válido."
"Please enter a valid zip code. For example 90602 or 90602-1234.","Por favor, introduzca un código postal válido. Por ejemplo 90602 o 90602-1234."
"Please enter a valid hexadecimal color. For example ff0000.","Por favor, introduzca un color hexadecimal válido. Por ejemplo ff0000."
"Please enter a valid hexadecimal color with hash. For example #ff0000.","Por favor, introduzca un color hexadecimal válido con hash. Por ejemplo #ff0000."
"Please enter another credit card number to complete your purchase.","Por favor, introduzca otro número de tarjeta de crédito para completar su compra."
"Please enter password","Por favor, introduzca la contraseña"
"Please enter password to confirm rollback.","Por favor, introduzca la contraseña para confirmar la cancelación."
"Please enter valid password.","Por favor, introduzca una contraseña válida."
"Please make sure that all global admin search modules are installed and activated.","Por favor, asegúrese de que todos los módulos globales de búsqueda de administradores están instalados y activados."
"Please make sure that your changes were saved before running the profile.","Por favor, asegúrese de que sus cambios fueron guardados antes de ejecutar el perfil."
"Please make sure your passwords match.","Por favor, asegúrese de que sus contraseñas coinciden."
"Please note, this category is set to automatically sort. Any drag-and-drop positions will be reset.","Tenga en cuenta que esta categoría se establece para ordenar automáticamente. Cualquier posición de arrastrar y soltar se restablecerá."
"Please select State/Province.","Por favor, seleccione Estado/Provenza."
"Please select a customer.","Por favor, seleccione un cliente."
"Please select a store.","Por favor, seleccione una tienda."
"Please select an option.","Por favor, seleccione una opción."
"Please select catalog searches.","Por favor, seleccione búsquedas de catálogo."
"Please select customer(s).","Por favor, seleccione cliente(s)."
"Please select message(s).","Por favor, seleccione mensaje(s)."
"Please select one of the above options.","Por favor, seleccione una de las opciones anteriores."
"Please select one of the options.","Por favor, seleccione una de las opciones."
"Please select review(s).","Por favor, seleccione reseña(s)."
"Please select tag(s).","Por favor, seleccione etiqueta(s)."
"Please specify backup creation options","Por favor, especifique las opciones de creación de copia de seguridad"
"Please specify the admin custom URL.","Por favor, especifique la URL personalizada del administrador."
"Please try to logout and sign in again.","Por favor, intenta cerrar sesión e iniciar sesión de nuevo."
"Please type the letters from the image:","Por favor, escriba las letras de la imagen:"
"Please use in this field only ""a-z,0-9,_"".","Por favor, utilice en este campo sólo ""a-z,0-9,_""."
"Please use letters only (a-z) in this field.","Utilice sólo letras (a-z) en este campo."
"Please use numbers only in this field. Please avoid spaces or other characters such as dots or commas.","Por favor, utilice sólo números en este campo. Por favor, evite espacios u otros caracteres como puntos o comas."
"Please use only letters (a-z or A-Z), numbers (0-9) or spaces in this field.","Utilice sólo letras (a-z o A-Z), números (0-9) o espacios en este campo."
"Please use only letters (a-z) or numbers (0-9) only in this field. No spaces or other characters are allowed.","Por favor, utilice sólo letras (a-z) o números (0-9) sólo en este campo. No se permiten espacios u otros caracteres."
"Please use only letters (a-z) or numbers (0-9) or spaces and # only in this field.","Por favor, use sólo letras (a-z) o números (0-9) o espacios y # sólo en este campo."
"Please use this date format: dd/mm/yyyy. For example 17/03/2006 for the 17th of March, 2006.","Utilice este formato de fecha: dd/mm/aaaa. Por ejemplo 17/03/2006 para el 17 de marzo de 2006."
"Please wait","Por favor espere"
"Please wait while the indexes are being refreshed.","Por favor, espere mientras se actualizan los índices."
"Please wait, loading...","Por favor espere, cargando..."
"Please wait...","Por favor espere..."
"Please, add some answers to this poll first.","Por favor, añade algunas respuestas a esta encuesta primero."
"Please, select ""Visible in Stores"" for this poll first.","Por favor, seleccione ""Visible en tiendas"" para esta encuesta primero."
"Poll Manager","Gestor de encuestas"
"Polls","Encuestas"
"Popular","Popular"
"Position","Posición"
"Position of Watermark for %s","Posición de la marca de agua para %s"
"Pregenerated configurable swatches image files.","Archivos de imagen de muestras configurables."
"Pregenerated product images files.","Archivos de imágenes de productos Preguntos."
"Prev. month (hold for menu)","Mes anterior (mantener para el menú)"
"Prev. year (hold for menu)","Año anterior (mantener para el menú)"
"Preview","Vista previa"
"Preview Template","Plantilla de vista previa"
"Price","Precio"
"Price alert subscription was saved.","Suscripción de alerta de precio guardada."
"Price:","Precio:"
"Processed <strong>%s%% %s/%d</strong> records","Registros <strong>%s%% %s/%d</strong>"
"Processing","Procesando"
"Product","Producto"
"Product Name","Producto"
"Product Reviews","Reseñas de producto"
"Product Tax Classes","Clases de impuestos de productos"
"Product Thumbnail Itself","Miniatura del producto mismo"
"Product is not loaded.","El producto no está cargado."
"Product not available in this website","El producto no está disponible en este sitio web"
"Product:","Producto:"
"Products","Productos"
"Products Bestsellers Report","Informe de los mejores productores de productos"
"Products Most Viewed Report","Reporte de productos más vistos"
"Products Ordered","Productos pedidos"
"Products in Carts","Productos en carros"
"Profile Action","Acción del perfil"
"Profile Actions XML","Acciones XML del perfil"
"Profile Direction","Dirección del perfil"
"Profile History","Historial del perfil"
"Profile Information","Información del perfil"
"Profile Name","Nombre de perfil"
"Profile Payments","Perfil de pagos"
"Profile Schedule","Programación del perfil"
"Profile Wizard","Asistente de Perfil"
"Profiles","Profiles"
"Promo","Promoción"
"Promotions","Promociones"
"Purchased Item","Objeto comprado"
"Put store on the maintenance mode while backup creation","Poner la tienda en el modo de mantenimiento mientras se crea la copia de seguridad"
"Put store on the maintenance mode while rollback processing","Poner la tienda en el modo de mantenimiento mientras se procesa la restauración"
"Quantity","Cantidad"
"Queue Refresh","Actualizar cola"
"Queued... Cancel","Cola... Cancelar"
"REST Roles","REST Roles"
"Radio Buttons","Botones de radio"
"Rates","Tarifas"
"Read details","Leer detalles"
"Rebuild","Reconstruir"
"Rebuild Catalog Index","Reconstruir índice de catálogo"
"Rebuild Flat Catalog Category","Reconstruir categoría de catálogo plano"
"Rebuild Flat Catalog Product","Reconstruir artículo de catálogo plano"
"Recent Orders","Pedidos recientes"
"Recent statistics have been updated.","Estadísticas recientes han sido actualizadas."
"Recurring Profile View","Vista de perfil recurrente"
"Recursive Dir","Dir recursivo"
"Redirect","Redirigir"
"Reference","Referencia"
"Reference ID","ID de referencia"
"Refresh","Refrescar"
"Refresh Now*","Actualizar ahora*"
"Refresh Roles","Actualizar roles"
"Refresh Statistics","Actualizar Estadísticas"
"Region/State","Región/Estado"
"Regular Price:","Precio regular:"
"Reject","Rechazar"
"Reject token authorization Pop Up for admin","Rechazar token de autorización Pop Up para el administrador"
"Reject token authorization for admin","Rechazar autorización de token para admin"
"Rejection Of Authorization","Rechazo de autorización"
"Release","Liberar"
"Release Stability","Estabilidad de lanzamiento"
"Release Version","Versión de lanzamiento"
"Reload captcha","Recargar captcha"
"Remote FTP","FTP remoto"
"Remove","Eliminar"
"Report Issues","Reportar problemas"
"Reports","Informes"
"Request Path","Ruta de la solicitud"
"Required","Requerido"
"Reset","Reset"
"Reset Filter","Reiniciar filtro"
"Reset Password","Restablecer contraseña"
"Reset a Password","Restablecer una contraseña"
"Resize","Cambiar tamaño"
"Resource Access","Acceso a recursos"
"Resources","Recursos"
"Results","Resultados"
"Retrieve Password","Recuperar contraseña"
"Return Html Version","Devolver la versión Html"
"Revenue","Ingresos"
"Reviews","Reseñas"
"Reviews and Ratings","Valoraciones y valoraciones"
"Rewrite Rules","Reescribir Reglas"
"Role ID","ID del Rol"
"Role Info","Info de Rol"
"Role Information","Información del rol"
"Role Name","Nombre del Rol"
"Role Resources","Recursos del rol"
"Role Users","Usuarios del rol"
"Roles","Roles"
"Roles Resources","Recursos de Rol"
"Root Category","Categoría raíz"
"Rotate CCW","Rotar CCW"
"Rotate CW","Rotate CW"
"Run","Ejecutar"
"Run Profile","Ejecutar perfil"
"Run Profile Inside This Window","Ejecutar perfil dentro de esta ventana"
"Run Profile in Popup","Ejecutar perfil en Popup"
"Running... Kill","Ejecutando... Matar"
"SKU","SKU"
"SKU:","SKU:"
"SSL Error: Invalid or self-signed certificate","Error SSL: certificado inválido o autofirmado"
"Sales","Ventas"
"Sales Report","Informe de ventas"
"Samples","Muestras"
"Save","Guardar"
"Save & Generate","Guardar y Generar"
"Save Account","Guardar cuenta"
"Save Block","Guardar bloque"
"Save Cache Settings","Guardar ajustes de caché"
"Save Config","Guardar configuración"
"Save Currency Rates","Guardar tipos de cambio"
"Save Profile","Guardar perfil"
"Save Role","Guardar rol"
"Save Template","Guardar plantilla"
"Save User","Guardar usuario"
"Save Variable","Guardar variable"
"Save and Continue Edit","Guardar y continuar editando"
"Search","Buscar"
"Search Index","Índice de búsqueda"
"Search Term","Buscar término"
"Search Terms","Buscar términos"
"Search entire store here...","Buscar toda la tienda aquí..."
"Searching...","Buscando..."
"Select","Seleccionar"
"Select All","Seleccionar todo"
"Select Category","Seleccionar categoría"
"Select Date","Seleccionar fecha"
"Select Range","Seleccionar rango"
"Select date","Seleccionar fecha"
"Selected allowed currency ""%s"" is not available in installed currencies.","La moneda seleccionada permitida ""%s"" no está disponible en las monedas instaladas."
"Selected base currency is not available in installed currencies.","La moneda base seleccionada no está disponible en las monedas instaladas."
"Selected default display currency is not available in allowed currencies.","La moneda seleccionada por defecto no está disponible en las monedas permitidas."
"Selected default display currency is not available in installed currencies.","La moneda seleccionada por defecto no está disponible en las monedas instaladas."
"Self-assigned roles cannot be deleted.","Los roles autoasignados no se pueden eliminar."
"Sender","Remitente"
"Separate Email","Separar Email"
"Serialized data is incorrect","Datos serializados son incorrectos"
"Shipment #%s comment added","Comentario de envío #%s añadido"
"Shipment #%s created","Envío #%s creado"
"Shipment Comments","Comentarios de envío"
"Shipment History","Historial de envíos"
"Shipments","Envíos"
"Shipping","Envío"
"Shipping Address","Dirección de envío"
"Shipping Address: ","Dirección de envío: "
"Shipping Origin","Origen del envío"
"Shipping Price","Precio de envío"
"Shipping address selection is not applicable","La selección de dirección de envío no es aplicable"
"Shipping method must be specified.","El método de envío debe ser especificado."
"Shipping method selection is not applicable","La selección del método de envío no es aplicable"
"Shopping Cart","Carrito de compras"
"Shopping Cart Price Rules","Reglas de precio del carrito de compras"
"Shopping Cart from %s","Carrito de compras de %s"
"Show By","Mostrar por"
"Show Report For:","Mostrar informe para:"
"Show Reviews","Mostrar reseñas"
"Sitemap Information","Información del mapa del sitio"
"Size for %s","Tamaño de %s"
"Skip Category Selection","Omitir selección de categoría"
"Some items in this order have different invoice and shipment types. You can create shipment only after the invoice is created.","Algunos artículos en este pedido tienen diferentes tipos de facturas y envíos. Puede crear envíos sólo después de crear la factura."
"Some of the ordered items do not exist in the catalog anymore and will be removed if you try to edit the order.","Algunos de los artículos pedidos ya no existen en el catálogo y serán eliminados si intenta editar el pedido."
"Sorry, this feature is coming soon...","Lo sentimos, esta característica estará disponible pronto..."
"Sort options","Opciones de ordenación"
"Special Price:","Precio especial:"
"Specific Countries","Países específicos"
"Specified","Especificado"
"Specified profile does not exist.","El perfil especificado no existe."
"Spreadsheet Name:","Nombre de la hoja de cálculo:"
"Start Date","Fecha de inicio"
"Starting at:","Comenzando en:"
"Starting profile execution, please wait...","Comenzando la ejecución del perfil, por favor espere..."
"State/Province:","Estado/Provincia:"
"Static Blocks","Bloques estáticos"
"Status","Estado"
"Status:","Estado:"
"Stock Quantity:","Cantidad de stock:"
"Stock notification was saved.","Notificación de stock guardada."
"Store","Tienda"
"Store View","Vista de tienda"
"Store:","Tienda:"
"Storefronts : ","Frontales : "
"Stores","Almacenes"
"Subject","Asunto"
"Submit","Enviar"
"Subpackage cannot be conflicting.","El subpaquete no puede estar en conflicto."
"Subtotal","Subtotal"
"Switch/Solo card issue number: %s","Número de tarjeta Cambiar/Solo: %s"
"Switch/Solo card start Date: %s/%s","Fecha de inicio de la tarjeta Switch/Solo: %s/%s"
"Switch/Solo/Maestro Only","Sólo Cambiar/Solo/Maestro"
"Switch/Solo/Maestro(UK Domestic) Only","Cambiar / Solo/Maestro(UK Domestic) Sólo"
"Switch/Solo/Maestro(UK Domestic) card issue number: %s","Número de tarjeta Interruptor/Solo/Maestro(Reino Unido) : %s"
"Switch/Solo/Maestro(UK Domestic) card start Date: %s/%s","Fecha de inicio de la tarjeta Switch/Solo/Maestro(UK Domestic) : %s/%s"
"Symbol","Símbolo"
"Symlinks are enabled. This may expose security risks. We strongly recommend to disable them.","Los enlaces simbólicos están habilitados. Esto puede exponer riesgos de seguridad. Recomendamos desactivarlos fuertemente."
"Synchronization is required.","Se requiere sincronización."
"Synchronization of media storages has been successfully completed.","La sincronización de los almacenamientos multimedia se ha completado con éxito."
"Synchronize","Synchronize"
"Synchronizing %s to %s","Sincronizando %s a %s"
"Synchronizing...","Sincronizando..."
"System","Sistema"
"System busy","Sistema ocupado"
"Tags","Etiquetas"
"Target Path","Ruta de destino"
"Tax","Impuesto"
"Tb","Tb"
"Template","Plantilla"
"Template Content","Contenido de la plantilla"
"Template Information","Información de la plantilla"
"Template Name","Nombre de Plantilla"
"Template Styles","Template Styles"
"Template Subject","Asunto de la plantilla"
"Template Type","Tipo de plantilla"
"Temporary (302)","Temporal (302)"
"Terms and Conditions","Términos y Condiciones"
"Text","Texto"
"The Catalog Rewrites were refreshed.","Se actualizaron las reescrituras del catálogo."
"The CatalogInventory Stock Status has been rebuilt.","El estado del inventario de catálogo ha sido reconstruido."
"The Comment Text field cannot be empty.","El campo Texto del Comentario no puede estar vacío."
"The Flat Catalog Product was rebuilt","El artículo de catálogo plano fue reconstruido"
"The following role resource(s) are not orphaned: %s","Los siguientes recursos de rol no están huérfanos: %s"
"The JavaScript/CSS cache has been cleaned.","Se ha limpiado la caché JavaScript/CSS."
"The JavaScript/CSS cache has been cleared.","Se ha borrado la caché JavaScript/CSS."
"The Layered Navigation indexing has been queued.","El índice de navegación por capas se ha puesto en cola."
"The Layered Navigation indexing queue has been canceled.","La cola de índices de navegación por capas ha sido cancelada."
"The Layered Navigation indices were refreshed.","Se actualizaron los índices de navegación por capas."
"The Layered Navigation process has been queued to be killed.","El proceso de navegación por capas ha sido puesto en cola para ser asesinado."
"The Maho cache has been flushed and updates applied.","La caché de Maho ha sido vaciada y se han aplicado actualizaciones."
"The Special Price is active only when lower than the Actual Price.","El Precio Especial está activo sólo cuando es inferior al Precio Real."
"The URL Rewrite has been deleted.","La reescritura de URL ha sido eliminada."
"The URL Rewrite has been saved.","Se ha guardado la reescritura de URL."
"The account has been saved.","La cuenta ha sido guardada."
"The archive can be uncompressed with <a href=""%s"">%s</a> on Windows systems","El archivo puede ser descomprimido con <a href=""%s"">%s</a> en sistemas Windows"
"The attribute set has been removed.","El conjunto de atributos ha sido eliminado."
"The backup's creation process will take time.","El proceso de creación de la copia de seguridad llevará tiempo."
"The billing agreement has been canceled.","El acuerdo de facturación ha sido cancelado."
"The billing agreement has been deleted.","El acuerdo de facturación ha sido eliminado."
"The block has been saved.","El bloque ha sido guardado."
"The cache storage has been flushed.","El almacenamiento de caché ha sido eliminado."
"The carrier needs to be specified.","El transportista necesita ser especificado."
"The catalog index has been rebuilt.","El índice del catálogo ha sido reconstruido."
"The catalog rewrites have been refreshed.","Las reescrituras del catálogo han sido actualizadas."
"The configurable swatches image cache was cleaned.","Se limpió la caché de imágenes de muestras configurables."
"The configuration has been saved.","La configuración ha sido guardada."
"The credit memo has been canceled.","La factura rectificada ha sido cancelada."
"The credit memo has been created.","La factura rectificada ha sido creada."
"The credit memo has been voided.","La nota de crédito ha sido anulada."
"The custom variable has been deleted.","La variable personalizada ha sido eliminada."
"The custom variable has been saved.","La variable personalizada ha sido guardada."
"The customer has been deleted.","El cliente ha sido eliminado."
"The customer has been saved.","El cliente ha sido guardado."
"The design change has been deleted.","El cambio de diseño ha sido eliminado."
"The design change has been saved.","El cambio de diseño ha sido guardado."
"The email address is empty.","La dirección de correo electrónico está vacía."
"The email template has been deleted.","La plantilla de correo electrónico ha sido eliminada."
"The email template has been saved.","Se ha guardado la plantilla de correo electrónico."
"The flat catalog category has been rebuilt.","La categoría de catálogo plana ha sido reconstruida."
"The following role resources are no longer available in the system: %s. You can delete them by <a href=%s"">clicking here</a>.""","Los siguientes recursos de rol ya no están disponibles en el sistema: %s. Puede eliminarlos haciendo clic <a href=%s"">aquí</a>."
"The group node name must be specified with field node name.","El nombre del nodo del grupo debe especificarse con el nombre del nodo del campo."
"The image cache was cleaned.","Se ha limpiado la caché de la imagen."
"The image cache was cleared.","La caché de imágenes fue limpiada."
"The invoice and shipment have been created.","Se ha creado la factura y el envío."
"The invoice and the shipment  have been created. The shipping label cannot be created at the moment.","La factura y el envío han sido creados. La etiqueta de envío no se puede crear en este momento."
"The invoice has been canceled.","La factura ha sido cancelada."
"The invoice has been captured.","La factura ha sido capturada."
"The invoice has been created.","La factura ha sido creada."
"The invoice has been voided.","La factura ha sido anulada."
"The invoice no longer exists.","La factura ya no existe."
"The item %s (SKU %s) does not exist in the catalog anymore.","El artículo %s (SKU %s) ya no existe en el catálogo."
"The order does not allow creating an invoice.","El pedido no permite crear una factura."
"The order no longer exists.","El pedido ya no existe."
"The poll has been deleted.","La encuesta ha sido eliminada."
"The poll has been saved.","La encuesta ha sido guardada."
"The profile has been deleted.","El perfil ha sido eliminado."
"The profile has been saved.","El perfil ha sido guardado."
"The profile has been updated.","El perfil ha sido actualizado."
"The profile has no changes.","El perfil no tiene cambios."
"The profile you are trying to save no longer exists","El perfil que estás intentando guardar ya no existe"
"The rating has been deleted.","La calificación ha sido eliminada."
"The rating has been saved.","La calificación ha sido guardada."
"The role has been deleted.","El rol ha sido eliminado."
"The role has been saved.","El rol ha sido guardado."
"The role has been successfully saved.","El rol se ha guardado correctamente."
"The roles have been refreshed.","Los roles han sido actualizados."
"The search index has been rebuilt.","El índice de búsqueda ha sido reconstruido."
"The shipment has been created.","El envío ha sido creado."
"The shipment has been sent.","El envío ha sido enviado."
"The shipping label has been created.","La etiqueta de envío ha sido creada."
"The tag has been deleted.","La etiqueta ha sido eliminada."
"The tag has been saved.","La etiqueta ha sido guardada."
"The transaction details have been updated.","Los detalles de la transacción han sido actualizados."
"The user has been deleted.","El usuario ha sido eliminado."
"The user has been saved.","El usuario ha sido guardado."
"The variable has been saved.","La variable ha sido guardada."
"Themes JavaScript and CSS files combined to one file.","Archivos JavaScript y CSS de temas combinados a un archivo."
"There is an error in one of the option rows.","Hay un error en una de las filas de opción."
"This Account is","Esta cuenta es"
"This Email template no longer exists.","Esta plantilla de correo electrónico ya no existe."
"This Role no longer exists","Este rol ya no existe"
"This Role no longer exists.","Este rol ya no existe."
"This account is","Esta cuenta es"
"This account is inactive.","Esta cuenta está inactiva."
"This action cannot be undone.","Esta acción no se puede deshacer."
"This attribute set does not have attributes which we can use for configurable product","Este conjunto de atributos no tiene atributos que podamos utilizar para el producto configurable"
"This attribute shares the same value in all the stores","Este atributo comparte el mismo valor en todas las tiendas"
"This block no longer exists.","Este bloque ya no existe."
"This category is set to only include products matched by rules","Esta categoría está configurada para incluir sólo productos que coincidan con las reglas"
"This is a demo store. Any orders placed through this store will not be honored or fulfilled.","Esta es una tienda de demostración. Cualquier pedido realizado a través de esta tienda no será honrado ni cumplido."
"This is a required field.","Este es un campo obligatorio."
"This product is currently disabled.","Este producto está actualmente deshabilitado."
"This report depends on timezone configuration. Once timezone is changed, the lifetime statistics need to be refreshed.","Este informe depende de la configuración de la zona horaria. Una vez que se cambia la zona horaria, las estadísticas vitalicias deben ser actualizadas."
"This section is not allowed.","Esta sección no está permitida."
"This user no longer exists.","Este usuario ya no existe."
"This variable no longer exists.","Esta variable ya no existe."
"Time","Hora"
"Time selection:","Selección de hora:"
"Time:","Tiempo:"
"Timeout limit for response from synchronize process was reached.","Se alcanzó el límite de tiempo de espera para la respuesta del proceso de sincronización."
"To","A"
"To cancel pending authorizations and release amounts that have already been processed during this payment, click Cancel.","Para cancelar autorizaciones pendientes y liberar cantidades que ya han sido procesadas durante este pago, haga clic en Cancelar."
"To use PayPal Payflow Link, you must configure your PayPal Payflow Link account on the PayPal website.","Para utilizar PayPal Payflow Link, debe configurar su cuenta de PayPal Payflow Link en el sitio web de PayPal."
"To use PayPal Payments Advanced, you must configure  your PayPal Payments Advanced account on the PayPal website.","Para utilizar PayPal Payments Advanced, debe configurar su cuenta de PayPal Payments Advanced en el sitio web de PayPal."
"Toggle Editor","Cambiar editor"
"Tools","Herramientas"
"Top 5 Search Terms","Top 5 Términos de Búsqueda"
"Total","Total"
"Total Invoiced","Total facturado"
"Total Order Amount","Cantidad total del pedido"
"Total Refunded","Total reembolsado"
"Total of %d record(s) have been deleted.","Se han eliminado un total de %d registro(s)."
"Total of %d record(s) have been updated.","Se han actualizado un total de %d registro(s)."
"Total of %d record(s) were canceled.","Se cancelaron un total de %d registro(s)."
"Total of %d record(s) were deleted","Se eliminaron un total de %d registro(s)"
"Total of %d record(s) were deleted.","Se eliminaron un total de %d registro(s)."
"Total of %d record(s) were updated","Se actualizaron un total de %d registro(s)"
"Total of %d record(s) were updated.","Se actualizaron un total de %d registro(s)."
"Track Order","Orden de seguimiento"
"Track this shipment","Rastrear este envío"
"Tracking number %s for %s assigned","Número de seguimiento %s para %s asignado"
"Tracking number cannot be empty.","El número de seguimiento no puede estar vacío."
"Transaction Data","Datos de la transacción"
"Transaction Details","Detalles de la transacción"
"Transaction ID","ID de transacción"
"Transaction Type","Tipo de transacción"
"Transactional Emails","Correos electrónicos transaccionales"
"Transactions","Transacciones"
"Type","Tipo"
"Type:","Tipo:"
"URL Rewrite","Reescritura de URL"
"URL Rewrite Information","Información de reescritura de URL"
"URL Rewrite Management","Gestión de reescritura de URL"
"Unable to cancel the credit memo.","No se puede cancelar la factura rectificada."
"Unable to find a Email Template to delete.","No se puede encontrar una plantilla de correo electrónico a eliminar."
"Unable to find a block to delete.","No se puede encontrar un bloque para eliminar."
"Unable to find a poll to delete.","No se puede encontrar una encuesta a eliminar."
"Unable to find a tag to delete.","No se puede encontrar una etiqueta para eliminar."
"Unable to find a user to delete.","No se puede encontrar un usuario a eliminar."
"Unable to find a variable to delete.","No se puede encontrar una variable a eliminar."
"Unable to initialize import model","No se puede inicializar el modelo de importación"
"Unable to refresh lifetime statistics.","No se pueden actualizar las estadísticas de por vida."
"Unable to refresh recent statistics.","No se pueden actualizar las estadísticas recientes."
"Unable to save Cron expression","No se puede guardar la expresión Cron"
"Unable to save the cron expression.","No se puede guardar la expresión cron."
"Unable to save the invoice.","No se puede guardar la factura."
"Unable to send the invoice email.","No se puede enviar el correo electrónico de la factura."
"Unable to send the shipment email.","No se puede enviar el correo electrónico de envío."
"Unable to update transaction details.","No se pueden actualizar los detalles de la transacción."
"Unable to void the credit memo.","No se puede anular la factura rectificada."
"Unknown","Desconocido"
"Unlimited","Ilimitado"
"Update","Actualizar"
"Updated At","Actualizado el"
"Upload File","Subir archivo"
"Upload Files","Subir Archivos"
"Upload HTTP Error","Error de carga HTTP"
"Upload I/O Error","Error de carga de E/S"
"Upload Security Error","Error al cargar seguridad"
"Upload import file","Subir archivo de importación"
"Uploaded file is larger than %.2f kilobytes allowed by server","El archivo subido es mayor de %.2f kilobytes permitidos por el servidor"
"Use All Available Attributes","Usar todos los atributos disponibles"
"Use Config Settings","Usar ajustes de configuración"
"Use Default","Usar por defecto"
"Use Default Value","Usar valor por defecto"
"Use Default Variable Values","Usar valores variables predeterminados"
"Use FTP Connection","Usar conexión FTP"
"Use Website","Usar sitio web"
"Used Currently For","Usado actualmente para"
"Used as Default For","Utilizado por defecto para"
"User Email","Email de usuario"
"User ID","ID Usuario"
"User Info","Información del usuario"
"User Information","Información del usuario"
"User Name","Usuario"
"User Name is required field.","Nombre de usuario es obligatorio."
"User Name:","Nombre de usuario:"
"User Password","Contraseña de usuario"
"User Role","Rol de Usuario"
"User Roles","Roles de usuario"
"User Roles Information","Información de roles de usuario"
"User Type Resources","Recursos de tipo de usuario"
"User name","Nombre de usuario"
"Users","Usuarios"
"Utilities","Utilidades"
"VAT Number is Invalid","El número de IVA no es válido"
"VAT Number is Valid","Número de IVA es válido"
"Validation Results","Resultados de validación"
"Value","Valor"
"Value Delimiter:","Delimitador de valores:"
"Variable","Variable"
"Variable Code","Código variable"
"Variable Details","Detalles variables"
"Variable HTML Value","Valor HTML variable"
"Variable ID","ID variable"
"Variable Name","Nombre variable"
"Variable Name is incorrect.","Nombre variable es incorrecto."
"Variable Name is required field.","Nombre variable es obligatorio."
"Variable Plain Value","Valor variable plano"
"Variable has been deleted.","La variable ha sido eliminada."
"Variables","Variables"
"Verifier code: %s","Código del verificador: %s"
"View Actions XML","Ver acciones XML"
"View Full Size","Ver tamaño completo"
"View Statistics For:","Ver estadísticas para:"
"Visibility:","Visibilidad:"
"Warning","Advertencia"
"Warning! Empty value can cause problems with CSV format.","¡Atención! El valor vacío puede causar problemas con el formato CSV."
"Warning!\r\nThis action will remove this user from already assigned role\r\nAre you sure?","¡Atención!\r\nEsta acción eliminará a este usuario del rol ya asignado\r\n¿Estás seguro?"
"Warning!\r\nThis action will remove those users from already assigned roles\r\nAre you sure?","¡Atención!\r\nEsta acción eliminará a esos usuarios de los roles ya asignados\r\n¿Está seguro?"
"Warning: Please do not close the window during importing/exporting data","Advertencia: Por favor no cierre la ventana durante la importación/exportación de datos"
"Watermark File for %s","Archivo de marca de agua para %s"
"We're in our typing table, coding away more features for Maho. Thank you for your patience.","Estamos en nuestra tabla de tipos, codificando más características para Maho. Gracias por tu paciencia."
"Web Services","Servicios Web"
"Web services","Servicios web"
"Website","Sitio web"
"What is this?","¿Qué es esto?"
"Wishlist Report","Informe de lista de deseos"
"Wishlist item is not loaded.","El elemento de la lista de deseos no está cargado."
"Wrong account specified.","Cuenta incorrecta especificada."
"Wrong billing agreement ID specified.","ID de acuerdo de facturación incorrecto especificado."
"Wrong column format.","Formato de columna incorrecto."
"Wrong field specified.","Campo incorrecto especificado."
"Wrong newsletter template.","Plantilla de boletín de noticias incorrecta."
"Wrong quote item.","Elemento de cita incorrecta."
"Wrong tab configuration.","Configuración de pestañas incorrecta."
"Wrong tab configuration for %s %s.","Configuración de pestaña incorrecta para %s %s."
"Wrong tag was specified.","Se ha especificado una etiqueta incorrecta."
"Wrong transaction ID specified.","ID de transacción incorrecto especificado."
"XML","XML"
"XML data is invalid.","Los datos XML no son válidos."
"XML object is not instance of ""Varien_Simplexml_Element"".","El objeto XML no es instancia de ""Varien_Simplexml_Element""."
"YTD","YTD"
"Year","Año"
"Yes","Sí"
"Yes (301 Moved Permanently)","Sí (301 Movido Permanentamente)"
"Yes (302 Found)","Sí (302 encontrados)"
"Yes (only price with tax)","Sí (sólo precio con impuestos)"
"You cannot delete your own account.","No puedes eliminar tu propia cuenta."
"You did not sign in correctly or your account is temporarily disabled.","No has iniciado sesión correctamente o tu cuenta está temporalmente desactivada."
"You have %s unread message(s).","Tienes %s mensaje(s) sin leer."
"You have %s unread message(s). <a href=""%s"">Go to messages inbox</a>.","Tienes %s mensaje(s) sin leer. <a href=""%s"">Ir a la bandeja de entrada</a>."
"You have %s, %s and %s unread messages. <a href=""%s"">Go to messages inbox</a>.","Tienes mensajes %s, %s y %s sin leer. <a href=""%s"">Ve a la bandeja de entrada</a>."
"You have logged out.","Has cerrado sesión."
"You have not enough permissions to use this functionality.","No tiene suficientes permisos para usar esta funcionalidad."
"You must have JavaScript enabled in your browser to utilize the functionality of this website.","Debe tener Javascript activado en su navegador para utilizar la funcionalidad de este sitio web."
"You need to specify order items.","Necesita especificar artículos del pedido."
"You will need to wait when the action ends.","Tendrás que esperar cuando termine la acción."
"Your answers contain duplicates.","Sus respuestas contienen duplicados."
"Your password has been updated.","Su contraseña ha sido actualizada."
"Your password reset link has expired.","Su enlace de restablecimiento de contraseña ha caducado."
"Your server PHP settings allow you to upload files not more than %s at a time. Please modify post_max_size (currently is %s) and upload_max_filesize (currently is %s) values in php.ini if you want to upload larger files.","La configuración PHP del servidor te permite subir archivos no más de %s a la vez. Por favor, modifique los valores post_max_size (actualmente es %s) y upload_max_filesize (actualmente es %s) en php.ini si desea subir archivos más grandes."
"Your web server is configured incorrectly. As a result, configuration files with sensitive information are accessible from the outside. Please contact your hosting provider.","Su servidor web está configurado incorrectamente. Como resultado, los archivos de configuración con información sensible son accesibles desde el exterior. Por favor, póngase en contacto con su proveedor de hosting."
"Zip/Postal Code","Código postal"
"Zip/Postal Code:","Código postal:"
"[ deleted ]","[ borrado ]"
"[GLOBAL]","[GLOBAL]"
"[STORE VIEW]","[VISTA]"
"[WEBSITE]","[WEBSITE]"
"b","b"
"close","cerrar"
"critical","crítico"
"example: ""sitemap/"" or ""/"" for base path (path must be writeable)","ejemplo: ""sitemap/"" o ""/"" para la ruta base (la ruta debe ser escribible)"
"example: sitemap.xml","example: sitemap.xml"
"failed","falló"
"from","de"
"major","mayor"
"minor","menor"
"notice","aviso"
"store(%s) scope","ámbito de la tienda(%s)"
"successful","exitoso"
"to","a"
"website(%s) scope","ámbito del sitio web (%s)"
"{{base_url}} is not recommended to use in a production environment to declare the Base Unsecure URL / Base Secure URL. It is highly recommended to change this value in your Maho <a href=""%s"">configuration</a>.","No se recomienda usar {{base_url}} en un entorno de producción para declarar la URL Base Insegura / URL Base Segura. Es altamente recomendable cambiar este valor en su configuración <a href=""%s"">Maho</a>."
"Powered by Maho","Desarrollado por Maho"
"At least one currency has to be allowed.","Debe permitirse al menos una moneda."
