" The customer does not exist in the system anymore."," De klant bestaat niet langer in het systeem."
" [deleted]"," [verwijderd]"
" and ","en"
"%s (Default Template from Locale)","%s (Standaard sjabloon van Locatie)"
"%s cache type(s) disabled.","%s cachetype(s) uitgeschakeld."
"%s cache type(s) enabled.","%s cachetype(s) ingeschakeld."
"%s cache type(s) refreshed.","%s cache-type(s) vernieuwd."
"(For Type ""Local Server"" need to use relative path to Maho install var/export or var/import, e.g. var/export, var/import, var/export/some/dir, var/import/some/dir)","(Voor Type ""Lokale Server"" gebruikt u een relatieve pad naar Maho-installatie var/export of var/import, bijv. var/export, var/import, var/export/some/dir, var/import/some/dir)"
"(For US 2-letter state names)","(Voor 2-letter-codes van staten in VS)"
"(If left empty will be auto-generated)","(Als u deze leeg laat, wordt er een gegenereerd)"
"(Leave empty for first spreadsheet)","(Laat leeg voor eerste spreadsheet)"
"(Products will be added/updated to this store if 'store' column is blank or missing in the import file.)","(Producten worden toegevoegd/ge&uuml;pdate naar deze winkel als de kolom Winkel ontbreekt of  leeg is in het importbestand.)"
"(Shift-)Click or drag to change value","Wijzig de waarde met (shift-)klik of slepen"
"(Starting with)","(Beginnend met)"
"(When 'No', only mapped fields will be imported. When mapping, use 'column1', 'column2', etc.)","(Bij &34;Nee &34; worden alleen ingedeelde velden ge&iuml;mporteerd. Gebruik voor indelen &34;kolom1 &34;,  &34;kolom &34;, etc.)"
"(You have to increase php memory_limit before changing this value)","(U moet de php memory_limit verhogen voordat u deze waarde verandert.)"
"(\\t for tab)","(\\t voor tab)"
"* - If indexing is in progress, it will be killed and new indexing process will start.","* - Als het indexeren in uitvoering is, zal het worden beëindigd en een nieuw indexeerproces zal starten."
"* Required Fields","* Verplichte velden"
"- Click on any of the time parts to increase it","- Klik op een deel van de tijdnotatie om het te verhogen"
"- Hold mouse button on any of the above buttons for faster selection.","Houd muisknop vast op een knop hierboven voor snelle selectie"
"- Use the %s buttons to select month","-- Selecteer de maand met de %s knoppen"
"- Use the %s, %s buttons to select month","- Gebruik de %s, %s knoppen om de maand te selecteren"
"- Use the %s, %s buttons to select year","-- Selecteer het jaar met de %s, %s knoppen"
"- or Shift-click to decrease it","of shift-klik om het te verlagen"
"- or click and drag for faster selection.","of klik en sleep voor snelle selectie"
"-- Not Selected --","-- Niet Geselecteerd --"
"-- Please Select --","-- Selecteer --"
"-- Please Select Billing Agreement--","-- Selecteer incasso-overeenkomst--"
"-- Please Select a Category --","-- Selecteer een categorie --"
"-- Please select --","-- Selecteer --"
"--Please Select--","--Maak een keuze--"
"1 Hour","1 uur"
"12 Hours","12 uur"
"12h AM/PM","12uur Ochtend/Avond"
"2 Hours","2 uur"
"24 Hours","24 uur"
"24h","24uur"
"2YTD","Afgelopen 2 jaar."
"6 Hours","6 uur"
"<h1 class=""page-heading"">404 Error</h1><p>Page not found.</p>","<h1 class=""page-heading"">404 Error</h1><p>Pagina niet gevonden.</p>"
"<strong>%s</strong> requests access to your account","<strong>%s</strong> vraagt toegang tot uw account"
"<strong>Attention</strong>: Captcha is case sensitive.","<strong>Let op</strong>: Captcha is hoofdletter gevoelig."
"A user with the same user name or email already exists.","Een gebruiker met deze gebruikersnaam of dit emailadres bestaat reeds."
"API Key","API-sleutel"
"API Key Confirmation","API-sleutelbevestiging"
"ASCII","ASCII"
"Abandoned Carts","Achtergelaten winkelwagens"
"About the calendar","Over de kalender"
"Access Denied","Toegang Geweigerd"
"Access denied","Toegang geweigerd"
"Access denied.","Toegang geweigerd."
"Account Created in:","Account gemaakt in:"
"Account Created on (%s):","Account gemaakt op (%s):"
"Account Created on:","Account gemaakt op:"
"Account Information","Accountinformatie"
"Account Status","Accountinstellingen"
"Account status","Account-status"
"Action","Actie"
"Actions","Acties"
"Actions XML","Acties XML"
"Active","Actief"
"Add","Toevoegen"
"Add Exception","Uitzondering toevoegen"
"Add Field Mapping","Veldverwijzingen toevoegen"
"Add Field with URL:","Veld met URL toevoegen"
"Add New","Voeg nieuwe toe"
"Add New Block","Nieuw blok toevoegen"
"Add New Image","Nieuwe afbeelding toevoegen"
"Add New Profile","Nieuw profiel toevoegen"
"Add New Role","Nieuwe rol toevoegen"
"Add New Template","Nieuw sjabloon toevoegen"
"Add New URL Rewrite","Voeg nieuwe URL Rewrite toe"
"Add New User","Nieuwe gebruiker toevoegen"
"Add New Variable","Voeg nieuwe variabele toe"
"Add Products","Voeg producten toe"
"Add URL Rewrite","URL Rewrite toevoegen"
"Add URL Rewrite for a Category","Voeg URL Rewrite toe voor categorie"
"Add URL Rewrite for a Product","Voeg URL Rewrite toe voor product"
"Add after","Toevoegen na"
"Add new variable","Voeg nieuwe variabele toe"
"Add to category","Toevoegen aan categorie"
"Additional Cache Management","Additionele cacheopties"
"Address Type:","Adrestype:"
"Admin","Beheerder"
"Advanced Profiles","Geavanceerde profielen"
"After authorization application will have access to you account.","Na autorisatie zal de applicatie toegang hebben tot uw account."
"Alert","Waarschuwing"
"All","Alle"
"All Allowed Countries","Alle toegestane landen"
"All Cache","Gehele cache"
"All Files","Alle bestanden"
"All Reviews","Alle reviews"
"All Store Views","Alle Winkelaanzichten"
"All Storefronts","Alle Winkelruimten"
"All Tags","Alle tags"
"All Websites","Alle Websites"
"All countries","Alle landen"
"All fields","Alle velden"
"All possible rates were fetched, please click on ""Save"" to apply","Alle mogelijke tarieven werden opgehaald, klik op ""Opslaan"" om toe te passen"
"All rates were fetched, please click on ""Save"" to apply","Alle tarieven werden opgehaald, klik op ""Opslaan"" om toe te passen"
"All valid rates have been saved.","Alle beoordelingen zijn opgeslagen."
"Allowed","Toegestaan"
"Already in category","Reeds in categorie"
"Always (during development)","Altijd (tijdens ontwikkeling)"
"Amounts","Bedragen"
"An error has occured while syncronizing media storages.","Een fout heeft zich voorgedaan tijdens het synchroniseren van mediabibliotheken."
"An error occurred while adding condition.","Er is een fout opgetreden tijdens het toevoegen van een voorwaarde."
"An error occurred while clearing the JavaScript/CSS cache.","Er is een fout opgetreden bij het vernieuwen van de JavaScript/CSS cache."
"An error occurred while clearing the configurable swatches image cache.","Er is een fout opgetreden bij het wissen van de configurabele swatches-afbeeldingcache."
"An error occurred while clearing the image cache.","Er is een fout opgetreden bij het vernieuwen van de afbeeldingen cache."
"An error occurred while deleting URL Rewrite.","Er is een fout opgetreden bij het verwijderen van URL Rewrite."
"An error occurred while deleting email template data. Please review log and try again.","Er is een fout opgetreden bij het verwijderen van e-mail sjabloongegevens. Controleer het logboek en probeer het opnieuw."
"An error occurred while deleting record(s).","Er is een fout opgetreden tijdens het verwijderen van record(s)."
"An error occurred while deleting this role.","Er is een fout opgetreden bij het verwijderen van deze rol"
"An error occurred while deleting this set.","Er is een fout opgetreden tijdens het verwijderen van deze set."
"An error occurred while deleting this template.","Er is een fout opgetreden tijdens het verwijderen van deze sjabloon."
"An error occurred while finishing process. Please refresh the cache","Er is een fout opgetreden tijdens het voltooien van het proces. Verwijder de cache alstublieft."
"An error occurred while logging in.","Er is een fout opgetreden tijdens het inloggen."
"An error occurred while rebuilding the CatalogInventory Stock Status.","Er is een fout opgetreden tijdens het opnieuw opbouwen van de CatalogInventory-voorraadstatus."
"An error occurred while rebuilding the catalog index.","Een fout is opgetreden tijdens het opnieuw opbouwen van de catalogusindex."
"An error occurred while rebuilding the flat catalog category.","Er is een fout opgetreden tijdens het opnieuw opbouwen van de vlakke cataloguscategorie."
"An error occurred while rebuilding the flat product catalog.","Er is een fout opgetreden tijdens het opnieuw samenstellen van de platte productcatalogus."
"An error occurred while rebuilding the search index.","Een fout is opgetreden tijdens het opnieuw opbouwen van de zoekindex."
"An error occurred while refreshing roles.","Er is een fout opgetreden tijdens het vernieuwen van rollen."
"An error occurred while refreshing the Catalog Rewrites.","Er is een fout opgetreden tijdens het vernieuwen van de Catalogus herschrijven."
"An error occurred while refreshing the Layered Navigation indices.","Er is een fout opgetreden tijdens het vernieuwen van de Gegroepeerde Navigatie-indexen."
"An error occurred while refreshing the catalog rewrites.","Een fout is opgetreden tijdens het vernieuwen van de catalogus herschrijvingen."
"An error occurred while refreshing the layered navigation indices.","Een fout is opgetreden tijdens het vernieuwen van de gefilterde navigatie-indexen."
"An error occurred while saving URL Rewrite.","Er is een fout opgetreden tijdens het opslaan van URL Rewrite."
"An error occurred while saving account.","Er is een fout opgetreden bij het opslaan van dit account"
"An error occurred while saving review.","Er is een fout opgetreden tijdens het opslaan van de beoordeling."
"An error occurred while saving the customer.","Er is een fout opgetreden tijdens het opslaan van de klant."
"An error occurred while saving this configuration:","Een fout is opgetreden tijdens het opslaan van deze configuratie:"
"An error occurred while saving this role.","Er is een fout opgetreden bij het opslaan van deze rol."
"An error occurred while saving this template.","Er is een fout opgetreden tijdens het opslaan van deze sjabloon."
"An error occurred while updating the selected review(s).","Er is een fout opgetreden tijdens het bijwerken van de geselecteerde beoordeling(en)."
"Any","Elke"
"Any Attribute Set","Iedere attributen-set"
"Any Group","Elke groep"
"Any Status","Elke status"
"Any Store","Elke winkel"
"Any Type","Elk type"
"Any Visibility","Elke zichtbaarheid"
"Any data created since the backup was made will be lost including admin users, customers and orders.","Alle gegevens die sinds de backup zijn gemaakt, zullen verloren gaan, inclusief beheerdersgebruikers, klanten en bestellingen."
"Archive file name:","Bestandsnaam archief:"
"Are you sure that you want to delete this template?","Weet u zeker dat u deze template wilt verwijderen?"
"Are you sure that you want to strip tags?","Weet u zeker dat u tags wilt verwijderen?"
"Are you sure you want to do this?","Weet u zeker dat u dit wilt doen?"
"Are you sure you want to proceed?","Bent u zeker dat u wilt doorgaan?"
"Area","Gebied"
"As low as:","Slechts"
"Assigned","Toegewezen"
"Associated Tags","Gerelateerde Tags"
"Attribute Set Name:","Naam attributen-set:"
"Attributes","Attributen"
"Authorization confirmed","Autorisatie bevestigd"
"Authorize","Autoriseer"
"Authorize application","Autoriseer toepassing"
"Authorized OAuth Tokens","Autoriseerde OAuth-tokens"
"Automatic (equalize price ranges)","Automatisch (equalize price ranges)"
"Automatic (equalize product counts)","Automatisch (equalize product counts)"
"Average Order Amount","Gemiddeld bestelbedrag"
"Average Orders","Gemiddeld aantal orders"
"BINARY","BINAIR"
"Back","Terug"
"Back to Login","Terug naar log-in venster"
"Backend Locale","Achtergrond Lokale"
"Backup","Back-up"
"Backup Name","Naam backup"
"Backup options","Backup opties"
"Backups","Back-ups"
"Base currency","Basis-valuta"
"Bcc","Bcc (Blinde kopie)"
"Bestsellers","Meest verkochte producten"
"Billing Address","Factuuradres"
"Billing Address: ","Factuuradres: "
"Billing Agreement","Incasso-overeenkomt"
"Billing Agreements","Incasso-overeenkomsten"
"Block Details","Blok Details"
"Block Information","Blok informatie"
"Block Name","Bloknaam"
"Block Name is disallowed.","Bloknaam is niet toegestaan."
"Block Name is incorrect.","Bloknaam is onjuist."
"Block Name is required field.","Bloknanaam is een verplicht veld."
"Block has been deleted.","Blok is verwijderd."
"Blocks","Blokken"
"Both (without and with tax)","Beide (met en zonder BTW)"
"Both IPN and PDT","Beide IPN en PDT"
"Browse Files...","Blader door bestanden..."
"Bundle with dynamic pricing cannot include custom defined options. Options will not be saved.","Een bundel met dynamische prijzen kan geen eigen opties bevatten. Opties worden niet opgeslagen."
"By Email","Per E-mail"
"By IP","Via IP"
"By IP and Email","Via IP en Email"
"CMS","CMS"
"CRITICAL","KRITIEK"
"CSV","csv"
"CSV / Tab separated","CSV / Tab-gescheiden"
"Cache Control","Beheer cache"
"Cache Control (beta)","Cache-instellingen (beta)"
"Cache Management","Cache beheer"
"Cache Type","Cache Soort"
"Cancel","Annuleren"
"Cancel detach","Annuleren loskoppelen"
"Cannot add new comment.","Kan nieuwe opmerking niet toevoegen."
"Cannot add tracking number.","Kan geen traceernummer toevoegen"
"Cannot create an invoice without products.","Kan geen factuur maken zonder producten."
"Cannot create credit memo for the order.","Kan geen kredietnota maken voor de bestelling."
"The credit memo no longer exists.","De kredietnota bestaat niet langer."
"Cannot delete the design change.","Kan het ontwerpwijziging niet verwijderen."
"Cannot delete tracking number.","Kan geen volgnummer verwijderen."
"The shipment no longer exists.","Het verzendnummer bestaat niet langer."
"Cannot do shipment for the order separately from invoice.","Kan geen verzendopdracht aanmaken zonder factuur"
"Cannot do shipment for the order.","Kan geen verzendopdracht voor deze order aanmaken"
"Cannot initialize shipment for adding tracking number.","Kan geen verzending initialiseren voor het toevoegen van een tracknummer."
"Cannot initialize shipment for delete tracking number.","Kan geen verzending initialiseren voor verwijderd tracknummer."
"Cannot load track with retrieving identifier.","Kan geen spoor laden met het ophalen van de identifier."
"Cannot retrieve tracking number detail.","Kan geen trackingnummerdetails ophalen."
"Cannot save shipment.","Kan deze zending niet opslaan"
"Cannot save the credit memo.","Kan kredietnota niet opslaan."
"Cannot send shipment information.","Kan de verzend details niet versturen"
"Cannot update item quantity.","Kan de aantallen niet wijzigen"
"Cannot update the item's quantity.","Kan het aantal van het item niet bijwerken."
"Card Verification Number","Verificatienummer"
"Catalog","Catalogus"
"Catalog Price Rules","Catalogusprijs Regels"
"Catalog Rewrites","URL-herschrijvingen"
"Categories","Categorieën"
"Category","Categorie"
"Category:","Categorie:"
"Chart is disabled. If you want to enable chart, click <a href=""%s"">here</a>.","Grafiek is uitgeschakeld. Als u de grafiek wilt inschakelen, klik <a href=""%s"">hier</a>."
"Checkbox","Selectievakje"
"Child Transactions","Bijbehorende transacties"
"Choose Store View:","Selecteer Winkelaanzicht:"
"Choose an attribute","Attribuut kiezen"
"Chosen category does not associated with any website, so url rewrite is not possible.","Geselecteerde categorie is niet gekoppeld aan een website, dus url herschrijven is niet mogelijk."
"Chosen product does not associated with any website, so url rewrite is not possible.","Geselecteerd product is niet gekoppeld aan een website, dus url rewrite is niet mogelijk."
"Clear","Legen"
"Close","Sluiten"
"Code","Interne naam"
"Color must be in hexadecimal format with the hash character","Kleur moet in hexadecimale formaat zijn met het hekarakter"
"Color must be in hexadecimal format without the hash character","Kleur moet in hexadecimale formaat zijn zonder het hekarakter."
"Comment text field cannot be empty.","Reactietekstveld kan niet leeg zijn."
"Complete","Voltooid"
"Config form fieldset clone model required to be able to clone fields","Configuratie form fieldset clone model verplicht om velden te kunnen kopieren."
"Configuration","Configuratie"
"Confirm New Password","Bevestig nieuw wachtwoord"
"Confirm token authorization Pop Up for admin","Bevestig token autorisatie Pop-up voor beheerder"
"Confirm token authorization for admin","Bevestig token autorisatie voor beheerder"
"Confirmation Of Authorization","Bevestiging van autorisatie"
"Confirmed email:","Bevestigde email:"
"Continue","Doorgaan"
"Convert to Plain Text","Omzetten naar platte tekst"
"Cookie (unsafe)","Cookie (Onveilig)"
"Country","Land"
"Country:","Land:"
"Coupons","Kortingsbonnen"
"Create","Creëren"
"Create DB Backup","Database backup aanmaken"
"Create New Attribute","Nieuw attribuut aanmaken"
"Create URL Rewrite:","Maak URL herschrijving:"
"Created At","Aangemaakt Op"
"Creation date","Aanmaakdatum"
"Credit Card %s","Creditkaart %s"
"Credit Card Number","Kredietkaartnummer"
"Credit Card Number: xxxx-%s","Creditcard-nummer: xxxx-%s"
"Credit Card Type","Kredietkaart type"
"Credit Card Type: %s","Creditcard-type: %s"
"Credit Memo History","Creditfactuur-geschiedenis"
"Credit Memo Totals","Creditfactuur-totalen"
"Credit Memos","Creditfacturen"
"Credit memo #%s comment added","Kredietnota #%s opmerking toegevoegd"
"Credit memo #%s created","Kredietnota #%s aangemaakt"
"Credit memo's total must be positive.","Creditnota's totaal moet positief zijn."
"Critical","Kritiek"
"Currency","Valuta"
"Currency ""%s"" is used as %s in %s.","Valuta ""%s"" wordt gebruikt als %s in %s."
"Currency Information","Valuta-gegevens"
"Currency doesn't exist.","Valuta bestaat niet."
"Current Admin Password","Huidig beheerwachtwoord"
"Current Configuration Scope:","Scope huidige configuratie"
"Current Month","Huidige maand"
"Custom","Aangepast"
"Custom Variable ""%s""","Aangepaste Variabele ""%s"""
"Custom Variables","Custom Variabelen"
"Customer","Klant"
"Customer Group:","Klantgroep:"
"Customer Groups","Klantengroepen"
"Customer Name","Naam klant"
"Customer Reviews","Klantenreviews"
"Customer Shopping Carts","Winkelwagens van klant"
"Customer Since:","Klant sinds:"
"Customer Tax Classes","Klant BTW-tariefgroepen"
"Customer with the same email already exists.","Er is al een klant met hetzelfde e-mail adres."
"Customers","Klanten"
"Customers by Number of Orders","Klanten o.b.v. bestellingen"
"Customers by Orders Total","Klanten o.b.v. orderwaarde"
"DHTML Date/Time Selector","DHTML datum/tijd-kiezer"
"Dashboard","Dashboard"
"Data Format","Gegevensformaat"
"Data transfer:","Gegevensoverdracht:"
"Database","Database"
"Dataflow - Advanced Profiles","Dataflow - Geavanceerde Profielen"
"Dataflow - Profiles","Dataflow - Profielen"
"Date","Datum"
"Date & Time","Datum & Tijd"
"Date Added","Datum toegevoegd"
"Date Updated","Datum bijgewerkt"
"Date selection:","Datumkeuze:"
"Date selector","Datumkiezer"
"Day","Dag"
"Debug","Fouten opsporen"
"Decimal separator:","Decimaal scheidingsteken:"
"Default (Admin) Values","Standaard (Admin) waarden"
"Default Billing Address","Standaard factuuradres"
"Default Config","Standaard configuratie"
"Default Template from Locale","Standaard-template a.d.v. Lokalisatie"
"Default Values","standaardwaarden"
"Default display currency ""%s"" is not available in allowed currencies.","Standaardweergavemunt ""%s"" is niet beschikbaar in toegestane valuta's."
"Default scope","Standaard-scope"
"Delete","Verwijderen"
"Delete %s","%s verwijderen"
"Delete %s '%s'","%s, %s verwijderen"
"Delete Block","Blok verwijderen"
"Delete File","Bestand verwijderen"
"Delete Image","Verwijder afbeelding"
"Delete Profile","Profiel verwijderen"
"Delete Role","Rol verwijderen"
"Delete Store","Winkel verwijderen"
"Delete Store View","Winkelaanzicht verwijderen"
"Delete Template","Sjabloon verwijderen"
"Delete User","Gebruiker verwijderen"
"Delete Variable","Verwijder Variabele"
"Delete Website","Website verwijderen"
"Description","Omschrijving"
"Design","Ontwerp"
"Detach from category","Loskoppelen van categorie"
"Details","Gegevens"
"Direction:","Richting:"
"Disable","Deactiveer"
"Disabled","Uitgeschakeld"
"Disallowed block name for frontend.","Niet-toegestane bloknaam voor frontend."
"Display %s first","%s eerst weergeven"
"Display default currency","Standaardvaluta weergeven"
"Distributed under GNU LGPL. See %s for details.","Uitgebracht onder GNU LGP licentie. Voor details zie %s."
"Do you really want to KILL parallel process and start new indexing process?","Wilt u een parallel proces echt stopzetten en opnieuw gaan indexeren?"
"Do you really want to proceed?","Wil je echt doorgaan?"
"Download","Downloads"
"Download SKUs","Download artikelenummer(s)"
"Downloads","downloads"
"Drag to move","Slepen om te verplaatsen"
"Drop-down","Uitklapmenu"
"Edit","Bewerken"
"Edit Block","Blok bewerken"
"Edit Block '%s'","Blok '%s' bewerken"
"Edit Design Change","Design wijziging bewerken"
"Edit Email Template","E-mail-sjabloon bewerken"
"Edit Order","Bestelling bewerken"
"Edit Poll","Poll bewerken"
"Edit Queue","Wachtrij bewerken"
"Edit Review","Bewerk review"
"Edit Role","Wijzig rol"
"Edit Store View","Winkelaanzicht bewerken"
"Edit System Template","Systeem-sjabloon bewerken"
"Edit Template","Template bewerken"
"Edit URL Rewrite","Bewerk URL Rewrite"
"Edit User","Gebruiker bewerken"
"Edit User '%s'","Gebruiker '%s'"
"Edit Variable","Bewerk Variabele"
"Edit Variable '%s'","Bewerk Variabele '%s'"
"Edit Website","Website wijzigen"
"Email","E-mail"
"Email Address:","Emailadres:"
"Email to a Friend","E-mail naar een vriend"
"Email:","E-mail:"
"Emergency","Noodgeval"
"Enable","Activeer"
"Enabled","Ingeschakeld"
"Enclose Values In:","Voeg waarden bij in:"
"Enter a comma separated list of SKUs that will always be displayed at the top of your category","Voer een lijst van SKUs in, gescheiden door komma's, die altijd bovenaan uw categorie worden weergegeven"
"Entity Attributes","Eenheidattributen"
"Entity Type","Eenheid Type"
"Entity type:","Entiteittype:"
"Error","Foutmelding"
"Excel XML","Excel XML"
"Excl. Tax","Excl. BTW"
"Excl. Tax:","Excl. BTW:"
"Exclude media folder from backup","Sla media-map over bij maken backup"
"Expiration Date","Vervaldatum"
"Expiration Date: %s/%s","Vervaldatum: %s/%s"
"Export","Exporteer"
"Export CSV","CSV exporteren"
"Export Filters","Filters exporteren"
"Export to:","Exporteer naar:"
"Export:","Exporteren:"
"FTP Host","FTP-host"
"FTP Host[:Port]","FTP Host[:Poort]"
"FTP Login","FTP-login"
"FTP Password","FTP Wachtwoord"
"FTP credentials","FTP gegevens"
"Failed","Mislukt"
"Failed to add a product to cart by id ""%s"".","Mislukt om een product aan winkelwagen toe te voegen door id ""%s""."
"Failed to cancel the billing agreement.","Mislukt om de betalingsovereenkomst te annuleren."
"Failed to clear the JavaScript/CSS cache.","Mislukt om de JavaScript/CSS-cache te wissen."
"Failed to delete the billing agreement.","Mislukt om de betalingsovereenkomst te verwijderen."
"Failed to update the profile.","Mislukt om het profiel bij te werken."
"Field","Veld"
"Field Mapping","Veldindeling"
"File","Bestand"
"File Information","Bestandsgegevens"
"File System","Bestandsysteem"
"File mode","Bestandsmodus"
"File name:","Bestandsnaam:"
"File size should be more than 0 bytes","Bestandsgrootte zou meer dan 0 bytes moeten zijn"
"Finished profile execution.","Klaar met uitvoeren van profiel."
"First Invoice Created Date","Eerste factuur aangemaakt op"
"First Name","Voornaam"
"First Name is required field.","Voornaam is een verplicht veld."
"First Name:","Voornaam:"
"Fixed","Vast"
"Flush Catalog Images Cache","Leeg Catalogus Afbeeldingen Cache"
"Flush JavaScript/CSS Cache","Leeg JavaScript/CSS Cache"
"Flush Swatch Images Cache","Wis Swatch Afbeeldingen Cache"
"For category","Voor categorie"
"For latest version visit: %s","Bezoek %s voor de laatste versie"
"For product","Voor product"
"Forgot Admin Password","Wachtwoord van Beheerder Vergeten"
"Forgot your password?","Wachtwoord vergeten?"
"Forgot your user name or password?","Wachtwoord of gebruikersnaam vergeten?"
"From","Van"
"GLOBAL","WORLDWIJD"
"Gb","Gigabyte"
"General Information","Algemene informatie"
"Get Image Base64","Base64-afbeelding ophalen"
"Give the verifier code to application administrator","Geef de verificatiecode aan de applicatiebeheerder"
"Global Attribute","Globaal attribuut"
"Global Record Search","Doorzoek de hele site"
"Global Search","Globale zoektocht"
"Go Today","Naar vandaag"
"Go to Top","Ga naar het begin"
"Go to messages inbox","Ga naar berichteninbox"
"Go to notifications","Ga naar meldingen"
"Google Base","Google Basis"
"Google Content","Google Inhoud"
"Google Sitemaps","Google Sitemap"
"Grand Total","Eindtotaal"
"Grid (default) / List","Tabel (standaard) / lijst"
"Grid Only","Alleen tabel"
"Group:","Groep:"
"Guest","Bezoeker"
"HTTP (unsecure)","HTTP (onveilig)"
"HTTPS (SSL)","HTTPS (SSL)"
"Helper attributes should not be used in custom layout updates.","Hulpattributen moeten niet worden gebruikt in aangepaste lay-outupdates."
"Helper for options rendering doesn't implement required interface.","Hulpmiddel voor optiesweergave implementeert niet het vereiste interface."
"Hero Products","Heldproducten"
"Home","Thuis"
"ID","ID"
"ID Path","ID pad"
"IP Address","IP Adres"
"IPN (Instant Payment Notification) Only","Alleen IPN (Instant Payment Notification)"
"Id","ID"
"If there is an account associated with %s you will receive an email with a link to reset your password.","Als er een account is gekoppeld aan %s ontvangt u een e-mail met een link om uw wachtwoord te resetten."
"If this message persists, please contact the store owner.","Als dit bericht blijft bestaan, neem dan contact op met de winkelier."
"If you do not specify an option value for a specific store view then the default (Admin) value will be used.","Als u geen optiewaarde opgeeft voor een specifieke winkelweergave, wordt de standaardwaarde (Beheer) gebruikt."
"Images (.gif, .jpg, .png)","Afbeeldingen (.gif, .jpg, .png)"
"Images Cache","Afbeeldingen-cache"
"Import","Importeer"
"Import Service","Service importeren"
"Import and Export","Importeren en Exporteren"
"Import and Export Tax Rates","Import & Export BTW Percentages"
"Import/Export","Importeren/Exporteren"
"Import/Export Advanced","Importeren/Exporteren geavanceerd"
"Import/Export Profile","Import/Export-profiel"
"Important: ","Belangrijk: "
"Imported <strong>%s</strong> records","<strong>%s</strong> records ge&iuml;mporteerd"
"In","Over"
"In Database:","In database:"
"In File:","In bestand:"
"Inactive","Inactief"
"Incl. Tax","Incl. BTW"
"Incl. Tax:","Incl. BTW:"
"Incoming Message","Inkomend bericht"
"Informational","Informatief"
"Insert Variable...","Variabele waarde invoegen..."
"Interactive","Interactief"
"Interface Locale: %s","Interface-lokalisatie: %s"
"Invalid Form Key. Please refresh the page.","Ongeldige formuliersleutel. Gelieve de pagina te vernieuwen."
"Invalid Import Service Specified","Ongeldige importservice opgegeven"
"Invalid POST data (please check post_max_size and upload_max_filesize settings in your php.ini file).","Ongeldige POST-gegevens (controleer post_max_size en upload_max_filesize-instellingen in uw php.ini-bestand)."
"Invalid Secret Key. Please refresh the page.","Ongeldige geheime sleutel. Vernieuw de pagina alstublieft."
"Invalid User Name or Password.","Ongeldig gebruikersnaam of wachtwoord."
"Invalid data","Ongeldige data"
"Invalid directory: %s","Ongeldige map: %s"
"Invalid email address ""%s"".","Ongeldig e-mailadres ""%s""."
"Invalid email address.","Ongeldig e-mailadres."
"Invalid file extension used for log file. Allowed file extensions: log, txt, html, csv","Ongeldig bestandsextensie gebruikt voor logbestand. Toegestane bestandsextensies: log, txt, html, csv"
"Invalid file: %s","Ongeldig bestand: %s"
"Invalid input data for %s => %s rate","Ongeldige invoergegevens voor %s => %s koers"
"Invalid parent block for this block","Ongeldig 'moederblok' voor dit 'blok'"
"Invalid parent block for this block.","Ongeldig oudere blok voor dit blok."
"Invalid password reset token.","Ongeldig wachtwoord reset-token."
"Invalid response","Ongeldige reactie"
"Invalid sender name ""%s"". Please use only visible characters and spaces.","Ongeldig afzender naam ""%s"". Gebruik alleen zichtbare karakters en spaties."
"Invalid template data.","Ongeldige sjabloongegevens."
"Invalid template path used in layout update.","Ongeldig sjabloonpad gebruikt in lay-outupdate."
"Invalid timezone","Ongeldige tijdzone"
"Invalidated","Ongeldig"
"Inventory Stock Status","Voorraad-status"
"Invoice #%s comment added","Notitie toegevoegd aan factuur #%s"
"Invoice #%s created","Factuur #%s gemaakt"
"Invoice History","Factuur-geschiedenis"
"Invoice Totals","Factuur-totalen"
"Invoice canceling error.","Factuur annuleren fout."
"Invoice capturing error.","Fout bij het vastleggen van de factuur."
"Invoice voiding error.","Fout bij het annuleren van de factuur."
"Invoices","Facturen"
"Is Allowed","Is Toegestaan"
"Is Allowed is required field.","Is toegestaan is een verplicht veld."
"Is Closed","Afgerond"
"Is Default","Is standaard"
"Issue Number","Uitgiftenummer"
"Items","Producten"
"JavaScript seems to be disabled in your browser.","JavaScript lijkt te zijn uitgeschakeld in uw browser."
"JavaScript/CSS","JavaScript/CSS"
"JavaScript/CSS Cache","JavaScript/CSS Cache"
"Kb","KB"
"Key %s does not contain scalar value","Sleutel %s bevat geen scalaire waarde"
"Key %s does not exist in array","Sleutel %s bestaat niet in array"
"Last 24 Hours","Laatste 24 uur"
"Last 5 Orders","Laatste 5 bestellingen"
"Last 5 Search Terms","Laatste 5 zoektermen"
"Last 7 Days","Laatste 7 dagen"
"Last Credit Memo Created Date","Laatste creditfactuur aangemaakt op"
"Last Invoice Created Date","Laatste factuur aangemaakt op"
"Last Logged In (%s):","Laatst ingelogd (%s):"
"Last Logged In:","Laatst ingelogd"
"Last Name","Achternaam"
"Last Name is required field.","Achternaam is een verplicht veld."
"Last Name:","Achternaam:"
"Last updated: %s. To refresh last day's <a href=""%s"">statistics</a>, click <a href=""%s"">here</a>.","Laatst bijgewerkt: %s. Om de statistieken van gisteren te vernieuwen, klik <a href=""%s"">hier</a>."
"Latest Message:","Laatste bericht:"
"Layered Navigation Indices","Indexen van gelaagde navigatie"
"Layered Navigation Indices were refreshed.","Laagse navigatie-indices werden vernieuwd."
"Leave empty to use tax identifier","Leeg laten om BTW-identifier te gebruiken"
"Lifetime Sales","Verkooptotaal vanaf eerste bestelling"
"Lifetime statistics have been updated.","Levenslange statistieken zijn bijgewerkt."
"Links","Koppelingen"
"Links with associated products will retain only after saving current product.","Koppelingen met gekoppelde producten worden alleen bewaard na het opslaan van het huidige product."
"List (default) / Grid","Lijst (standaard) / tabel"
"List Only","Alleen lijst"
"Load Template","Sjabloon Laden"
"Load default template","Standaard-template laden"
"Loading...","Bezig met laden..."
"Local Server","Lokale Server"
"Local/Remote Server","Lokale/externe server"
"Locale","Taal"
"Log In","Inloggen"
"Log Out","Log uit"
"Log in to Admin Panel","Log in op het Admin Panel"
"Log in to use <strong>%s</strong>","Log in om <strong>%s</strong> te gebruiken"
"Log into Maho Admin Page","Log in op Maho-beheerpagina"
"Logged in as %s","Ingelogd als %s"
"Login","Log in"
"Low Stock","Lage voorraad"
"MAJOR","BELANGRIJK"
"MINOR","NOTIFICATIE"
"MS Excel XML","MS Excel XML"
"Maho Admin","Maho Beheer"
"Maho Logo","Maho Logo"
"Maho root directory","Maho hoofddirectory"
"Maho %s","Maho %s"
"Make sure that data encoding in the file is consistent and saved in one of supported encodings (UTF-8 or ANSI).","Zorg ervoor dat de gegevenscodering in het bestand consistent is en wordt opgeslagen in een van de ondersteunde coderingen (UTF-8 of ANSI)."
"Manage Attribute Sets","Beheer attributensets"
"Manage Attributes","Beheer Attributen"
"Manage Categories","Beheer categorieën"
"Manage Content","Beheer Inhoud"
"Manage Currency Rates","Beheer Wisselkoersen"
"Manage Customers","Klanten beheren"
"Manage Options (values of your attribute)","Beheer Opties (waarden van uw kenmerk)"
"Manage Ratings","Beheer waarderingen"
"Manage Stores","Beheer Winkels"
"Manage Tax Rules","Beheer BTW-regels"
"Manage Tax Zones and Rates","Beheer Belastingzones en Tarieven"
"Manage Titles (Size, Color, etc.)","Beheer titels (grootte, kleur, etc)"
"Manual","Handmatig"
"Mass Product Assignment","Massa Product Toewijzing"
"Matched Expression","Overeenkomende Expressie"
"Maximum sender name length is 255. Please correct your settings.","Maximale afzender naam lengte is 255. Corrigeer uw instellingen."
"Mb","MB"
"Media (.avi, .flv, .swf)","Media (.avi, .flv, .swf)"
"Media storages synchronization has completed!","Media-opslag synchronisatie is voltooid!"
"Messages Inbox","Berichteninbox"
"Month","Maand"
"Most Viewed","Meest bekeken"
"Most Viewed Products","Meest bekeken producten"
"Move to bottom","Verplaats naar onder"
"Move to top","Naar boven verplaatsen"
"Multiple Select","Multi-select"
"My Account","Mijn account"
"My Applications","Mijn Toepassingen"
"N/A","n.v.t."
"NOTICE","BERICHTGEVING"
"Name","Naam"
"Name on Card","Naam op kaart"
"Name on the Card: %s","Naam op de kaart: %s"
"Name:","Naam:"
"Never (production)","Nooit (productie)"
"New ","Nieuw "
"New API Key","Nieuwe API-sleutel"
"New Accounts","Nieuwe accounts:"
"New Attribute","Nieuw attribuut"
"New Block","Nieuw blok"
"New Category","Nieuwe Categorie"
"New Class","Nieuwe BTW-groep"
"New Condition","Nieuwe Algemene Voorwaarden"
"New Custom Variable","Nieuwe aangepaste variabele"
"New Customer","Nieuwe klant"
"New Customers","Nieuwe klanten"
"New Design Change","Nieuw ontwerpverandering"
"New Email Template","Nieuwe e-mail-sjabloon"
"New Group","Nieuwe groep"
"New Invoice","Nieuwe factuur"
"New Item Type","Nieuw artikeltype"
"New Memo","Nieuwe creditfactuur"
"New Memo for #%s","Nieuwe Notitie voor #%s"
"New Page","Nieuwe pagina"
"New Password","Nieuw wachtwoord"
"New Poll","Nieuwe poll"
"New Profile","Nieuw profiel"
"New Rate","Nieuwe Tarief"
"New Rating","Nieuwe waardering"
"New Review","Nieuwe review"
"New Role","Nieuwe rol"
"New Rule","Nieuwe regel"
"New Search","Nieuwe zoekactie"
"New Set","Nieuwe set"
"New Shipment","Nieuwe verzending"
"New Sitemap","Nieuwe sitemap"
"New Store View","Nieuw winkelaanzicht"
"New System Template","Nieuw systeem-sjabloon"
"New Tag","Nieuwe tag"
"New Template","Nieuw sjabloon"
"New User","Nieuwe gebruiker"
"New Variable","Nieuwe Variabele"
"New Website","Nieuwe website"
"New attribute set mapping","Nieuwe attribuutset-mapping"
"New block","Nieuw blok"
"New password field cannot be empty.","Nieuw wachtwoordveld kan niet leeg zijn."
"Newsletter","Nieuwsbrief"
"Newsletter Problems","Nieuwsbriefproblemen"
"Newsletter Queue","Nieuwsbrief wachtrij"
"Newsletter Subscribers","Nieuwsbriefabonnees"
"Newsletter Templates","Nieuwsbrief Sjablonen"
"Next month (hold for menu)","Volgende maand (vasthouden voor menu0"
"Next year (hold for menu)","Volgende jaar (vasthouden voor menu)"
"No","Nee"
"No (price without tax)","Nee (prijs excl. BTW)"
"No Data","Geen Data"
"No Data Found","Geen gegevens gevonden"
"No Products","Geen Producten"
"No Templates Found","Geen sjablonen gevonden"
"No change","Geen wijziging"
"No customer id defined.","Geen klant-id gedefinieerd."
"No information available.","Geen informatie beschikbaar."
"No profile loaded...","Geen profiel geladen..."
"No records found for this period.","Geen records gevonden voor deze periode."
"No records found.","Geen records gevonden."
"No report code specified.","Geen rapportcode opgegeven."
"No search keywords.","Geen zoektermen."
"No search modules were registered","Er zijn geen zoekmodules geregistreerd."
"No wishlist item id defined.","Geen wishlist-item-id gedefinieerd."
"None","Geen"
"Not allowed","Niet toegestaan"
"Note:","Notitie:"
"Notes","Notities"
"Notifications","Meldingen"
"Notice","Mededeling"
"Number of Orders","Aantal Bestellingen"
"Number of Uses","Aantal keer gebruikt"
"Number of Views","Aantal keren bekeken"
"Number of records:","Aantal records:"
"OAuth Consumers","OAuth-Consumenten"
"OAuth authorization for admin","OAuth-autorisatie voor beheerder"
"OAuth authorization simple for admin","OAuth-autorisatie eenvoudig voor beheerder"
"OK","Oké"
"Old rate:","Oude koers:"
"Once you log into your PayPal Advanced account, navigate to the Service Settings - Hosted Checkout Pages - Set Up menu and set the options described below","Als u inlogt op uw PayPal Advanced account, navigeer naar Service Settings - Hosted Checkout Pages - Set Up menu en stel de opties in hieronder omschreven."
"Once you log into your PayPal Payflow Link account, navigate to the Service Settings - Hosted Checkout Pages - Set Up menu and set the options described below","Als u inlogt op uw PayPal Payflow Link account, navigeer naar Service Settings - Hosted Checkout Pages - Set Up menu en stel de opties in hieronder omschreven."
"One or more media files failed to be synchronized during the media storages syncronization process. Refer to the log file for details.","Een of meer media-bestanden zijn mislukt tijdens het synchronisatieproces van de media-opslag. Raadpleeg het logbestand voor details."
"One or more of the Cache Types are invalidated:","Een of meer van de Cache-typen zijn ongeldig verklaard:"
"Online Customers","Online klanten"
"Only Once (version upgrade)","Eenmalig (versie upgrade)"
"Only attributes with scope ""Global"", input type ""Dropdown"" and Use To Create Configurable Product ""Yes"" are available.","Alleen attributen met het bereik ""Globaal"", invoertype ""Dropdown"" en Gebruik om configureerbaar product te maken ""JA"" zijn beschikbaar."
"Only mapped fields","Alleen aangegeven velden"
"Maho Project","Maho Project"
"Optional","Optioneel"
"Options","Opties"
"Options is required","Opties is verplicht"
"Options: ","Opties: "
"Order","Bestelling"
"Order #%s","Bestelling #%s"
"Order #%s (%s)","Bestelling #%s (%s)"
"Order Created Date","Datum bestelling aangemaakt"
"Order ID","Bestelling ID"
"Order Totals","Bestelling-totalen"
"Order Updated Date","Bijgewerkte Bestel Datum"
"Order Updated Date report is real-time, does not need statistics refreshing.","Datum van bijgewerkte bestelling rapport is real-time, heeft geen statistieken vernieuwing nodig."
"Orders","Bestellingen"
"Original Maho attribute names in first row:","Oorspronkelijke Maho-attribuutnamen in eerste rij:"
"Orphaned Role Resource","Wees Role Bron"
"Orphaned Role Resources","Wees Role Hulpmiddelen"
"Out of stock","Niet op voorraad"
"PDT (Payment Data Transfer) Only","PDT (Overdracht van betalingsgegevens) Alleen"
"Pages","Pagina's"
"Parent Product Thumbnail","Miniatuur van het hoofdproduct"
"Parent Transaction ID","Bovenliggende transactie-ID"
"Passive mode","Passieve mode"
"Password","Wachtwoord"
"Password Confirmation","Wachtwoord bevestiging"
"Password confirmation must be same as password.","Bevestiging van wachtwoord moet hetzelfde zijn als wachtwoord."
"Password must be at least of %d characters.","Wachtwoord moet minstens %d karakters lang zijn."
"Password must include both numeric and alphabetic characters.","Wachtwoord moet zowel numerieke als alfabetische tekens bevatten."
"Password:","Wachtwoord:"
"Path:","Pad:"
"Payment method instance is not available.","Exemplaar van betalingsmethode is niet beschikbaar."
"Payment method is not available.","Betalingsmethode is niet beschikbaar."
"Payment method must be specified.","Betalingsmethode moet worden gespecificeerd."
"Pending Reviews","Te beoordelen reviews"
"Pending Tags","Hangende tags"
"Per Item","Per artikel"
"Per Order","Per bestelling"
"Percent","Percentage"
"Performed At","Uitgevoerd op"
"Period","Periode"
"Permanent (301)","Permanente (301)"
"Permissions","Bevoegdheden"
"Personal Information","Persoonlijke informatie"
"Phone:","Telefoon:"
"Please Select","Selecteer"
"Please confirm site switching. All data that hasn't been saved will be lost.","Bevestig sitewissel. Alle gegevens die nog niet opgeslagen zijn, zullen verloren gaan."
"Please select a parent category before adding a new one.","Selecteer een bovenliggende categorie voordat u een nieuwe toevoegt."
"Please enter 6 or more characters.","Geef meer dan 6 tekens op a.u.b."
"Please enter a number greater than 0 in this field.","Voer in dit veld a.u.b. een getal groter dan 0 in."
"Please enter a valid $ amount. For example $100.00.","Voer een geldig € bedrag op. Bijvoorbeeld: €100,00."
"Please enter a valid URL. For example http://www.example.com or www.example.com","Geef een geldige URL op. Bijvoorbeeld http://www.example.com of www.example.com"
"Please enter a valid URL. http:// is required","Geef een geldige URL op. http:// is noodzakelijk"
"Please enter a valid credit card number.","Geef a. u. b. een geldig creditcard-nummer op."
"Please enter a valid date.","Geef a.u.b. een geldige datum op."
"Please enter a valid email address. For example johndoe@domain.com.","Geef een geldig e-mail adres op a.u.b. Bijvoorbeeld: iemand@mail.com ."
"Please enter a valid email.","Vul een geldig e-mailadres in"
"Please enter a valid number in this field.","Voer a.u.b. een geldig getal in dit veld in."
"Please enter a valid phone number. For example (123) 456-7890 or 123-456-7890.","Geef a.u.b. een geldig telefoonnummer op. Bijvoorbeeld (123) 456-7889 of 123-456-7890."
"Please enter a valid social security number. For example 123-45-6789.","Geef een geldig burger-service-nummer op a.u.b. Bijvoorbeeld 123-45-6789."
"Please enter a valid value from list","Voer een geldige waarde in van de lijst"
"Please enter a valid value, ex: 10,20,30","Geef een geldige waarde op, bijv.: 10,20,30"
"Please enter a valid zip code.","Geef een geldige postcode op."
"Please enter a valid zip code. For example 90602 or 90602-1234.","Voer een geldige postcode in a.u.b. Bijvoorbeeld: 2900 of 6621BK"
"Please enter a valid hexadecimal color. For example ff0000.","Voer een geldige hexadecimale kleur in. Bijvoorbeeld ff0000."
"Please enter a valid hexadecimal color with hash. For example #ff0000.","Voer een geldige hexadecimale kleurcode in met hekje. Bijvoorbeeld #ff0000."
"Please enter another credit card number to complete your purchase.","Voer een andere creditcardnummer in om uw aankoop te voltooien."
"Please enter password","Voer wachtwoord in"
"Please enter password to confirm rollback.","Voer wachtwoord in om rollback te bevestigen."
"Please enter valid password.","Voer een geldig wachtwoord in a.u.b."
"Please make sure that all global admin search modules are installed and activated.","Zorg er voor dat alle globale admin zoekmodules zijn geïnstalleerd en geactiveerd."
"Please make sure that your changes were saved before running the profile.","Zorg er voor dat alle wijzigingen zijn opgeslagen voordat u het profiel uitvoert"
"Please make sure your passwords match.","Zorg dat de wachtwoorden overeenkomen."
"Please note, this category is set to automatically sort. Any drag-and-drop positions will be reset.","Let op, deze categorie is ingesteld op automatisch sorteren. Alle sleep-en-neerzetposities worden gereset."
"Please select State/Province.","Selecteer een staat/provincie."
"Please select a customer.","Selecteer een klant."
"Please select a store.","Selecteer een winkel."
"Please select an option.","Selecteer a. u. b. een optie."
"Please select catalog searches.","Selecteer cataloguszoeken."
"Please select customer(s).","Selecteer klant(en)."
"Please select message(s).","I'm ready to translate. Please provide the content to be translated to ""nl_NL""."
"Please select one of the above options.","Selecteer &eacute;&eacute;;n van de hierboven genoemde opties a.u.b.."
"Please select one of the options.","Selecteer alstublieft een van de opties."
"Please select review(s).","Selecteer review(en)."
"Please select tag(s).","Selecteer tag(s)."
"Please specify backup creation options","Specificeer opties voor het maken van back-ups"
"Please specify the admin custom URL.","Geef de custom Admin-URL op."
"Please try to logout and sign in again.","Probeer a.u.b. uit te loggen en weer in te loggen."
"Please type the letters from the image:","Typ de letters uit de afbeelding:"
"Please use in this field only ""a-z,0-9,_"".","Gebruik in dit veld uitsluitend  ""a-z,0-9,_""."
"Please use letters only (a-z) in this field.","Gebruik uitsluitend letters (a-z) in dit veld."
"Please use numbers only in this field. Please avoid spaces or other characters such as dots or commas.","Gebruik alleen cijfers in dit veld. Vermijd spaties of andere tekens zoals punten of komma's."
"Please use only letters (a-z or A-Z), numbers (0-9) or spaces in this field.","Gebruik alleen letters (a-z of A-Z), cijfers (0-9) of spaties in dit veld."
"Please use only letters (a-z) or numbers (0-9) only in this field. No spaces or other characters are allowed.","Gebruik alleen letters (a-z) of getallen (0-9) in dit veld. Spaties en andere tekens zijn niet toegestaan"
"Please use only letters (a-z) or numbers (0-9) or spaces and # only in this field.","Gebruik alleen letters (a-z), getallen (0-9), spaties of # in dit veld."
"Please use this date format: dd/mm/yyyy. For example 17/03/2006 for the 17th of March, 2006.","Gebruik dd/mm/jjjj als datum-formaat. Bijvoorbeeld 17/03/2006 voor 17 maart 2006."
"Please wait","Wacht even"
"Please wait while the indexes are being refreshed.","Wacht even terwijl de indexes worden vernieuwd."
"Please wait, loading...","Wacht a.u.b. Bezig met laden..."
"Please wait...","Even geduld..."
"Please, add some answers to this poll first.","Please provide the content to be translated to ""nl_NL"", and I'll be happy to assist you."
"Please, select ""Visible in Stores"" for this poll first.","Selecteer ""Zichtbaar in Winkels"" voor deze poll eerst."
"Poll Manager","Beheer poll"
"Polls","Enquêtes"
"Popular","Populair"
"Position","Positie"
"Position of Watermark for %s","Positie van watermerk voor %s"
"Pregenerated configurable swatches image files.","Vooraf gegenereerde configurabele monsters afbeeldingsbestanden."
"Pregenerated product images files.","Vooraf gegenereerde productafbeeldingsbestanden."
"Prev. month (hold for menu)","Maand terug (vasthouden=menu)"
"Prev. year (hold for menu)","Jaar terug (vasthouden=menu)"
"Preview","Voorbeeld"
"Preview Template","Voorbeeld Sjabloon"
"Price","Prijs"
"Price alert subscription was saved.","Prijswaarschuwingabonnement is opgeslagen."
"Price:","Prijs:"
"Processed <strong>%s%% %s/%d</strong> records","<strong>%s%% %s/%d</strong> records verwerkt."
"Processing","Bezig met verwerken"
"Product","product"
"Product Name","Product naam"
"Product Reviews","Productreviews"
"Product Tax Classes","BTW-groepen product"
"Product Thumbnail Itself","Miniatuur van het product zelf"
"Product is not loaded.","Product is niet geladen."
"Product not available in this website","Product niet beschikbaar op deze website"
"Product:","Product"
"Products","Producten"
"Products Bestsellers Report","Rapportage Bestsellers"
"Products Most Viewed Report","Rapportage meest bekeken producten"
"Products Ordered","Bestelde producten"
"Products in Carts","Producten in winkelwagen"
"Profile Action","Profiel actie"
"Profile Actions XML","Profiel acties XML"
"Profile Direction","Profiel richting"
"Profile History","Profiel geschiedenis"
"Profile Information","Profiel informatie"
"Profile Name","Profiel naam"
"Profile Payments","Profiel Betalingen"
"Profile Schedule","Profiel Planning"
"Profile Wizard","Profiel wizard"
"Profiles","Profielen"
"Promo","Promotie"
"Promotions","Promoties"
"Purchased Item","Aangekochte Artikel"
"Put store on the maintenance mode while backup creation","Winkel in onderhoudsmodus plaatsen tijdens back-upcreatie"
"Put store on the maintenance mode while rollback processing","Winkel in onderhoudsmodus plaatsen tijdens rollback-verwerking"
"Quantity","Aantal"
"Queue Refresh","Wachtrij vernieuwen"
"Queued... Cancel","In de wachtrij... Annuleren"
"REST Roles","REST-rollen"
"Radio Buttons","Radio buttons"
"Rates","Waardering"
"Read details","Lees details"
"Rebuild","Herindexeren"
"Rebuild Catalog Index","Catalogus index opnieuw opbouwen"
"Rebuild Flat Catalog Category","Platte categorie catalogus opnieuw opbouwen"
"Rebuild Flat Catalog Product","Platte product catalogus opnieuw opbouwen"
"Recent Orders","Recente orders"
"Recent statistics have been updated.","Recente statistieken zijn vernieuwd"
"Recurring Profile View","Herhaalbaar Profielweergave"
"Recursive Dir","Recursieve dir"
"Redirect","Doorsturen"
"Reference","Referentie"
"Reference ID","Referentie-ID"
"Refresh","Vernieuwen"
"Refresh Now*","Nu her-indexeren*"
"Refresh Roles","Vernieuw Rollen"
"Refresh Statistics","Vernieuw Statistieken"
"Region/State","Provincie"
"Regular Price:","Normale prijs:"
"Reject","Weigeren"
"Reject token authorization Pop Up for admin","Weiger token autorisatie Pop Up voor beheerder"
"Reject token authorization for admin","Weiger token autorisatie voor beheerder"
"Rejection Of Authorization","Weigering van autorisatie"
"Release","Publiceren"
"Release Stability","Publicatie stabiliteit"
"Release Version","Publicatie versie"
"Reload captcha","CAPTCHA herladen"
"Remote FTP","Afgelegen FTP"
"Remove","Verwijder"
"Report Issues","Meld Problemen"
"Reports","Rapportages"
"Request Path","Gevraagd Pad"
"Required","Vereist"
"Reset","Herstel"
"Reset Filter","Herstel filter"
"Reset Password","Wachtwoord herstellen"
"Reset a Password","Wachtwoord opnieuw instellen"
"Resize","Grootte aanpassen"
"Resource Access","Toegang tot bron"
"Resources","Bronnen"
"Results","Resultaten"
"Retrieve Password","Wachtwoord opvragen"
"Return Html Version","Geef HTML-versie terug"
"Revenue","Omzet"
"Reviews","Beoordelingen"
"Reviews and Ratings","Reviews en ratings"
"Rewrite Rules","Herformulering regels"
"Role ID","Rol ID"
"Role Info","Rol info"
"Role Information","Rol informatie"
"Role Name","Rolnaam"
"Role Resources","Rol bronnen"
"Role Users","Rol gebruikers"
"Roles","Rollen"
"Roles Resources","Rollen bronnen"
"Root Category","Basis-categorie (root)"
"Rotate CCW","CCW draaien"
"Rotate CW","CW draaien"
"Run","Uitvoeren"
"Run Profile","Profiel uitvoeren"
"Run Profile Inside This Window","Profiel uitvoeren in dit venster"
"Run Profile in Popup","Voer Profiel uit in Pop-up"
"Running... Kill","Running... Stop"
"SKU","Art.nr."
"SKU:","Artikelnummer:"
"SSL Error: Invalid or self-signed certificate","SSL fout: Ongeldige of self-signed certificaat"
"Sales","Verkopen"
"Sales Report","Verkooprapport"
"Samples","Demo's"
"Save","Opslaan"
"Save & Generate","Opslaan & genereren"
"Save Account","Account opslaan"
"Save Block","Blok opslaan"
"Save Cache Settings","Cache-instellingen opslaan"
"Save Config","Configuratie opslaan"
"Save Currency Rates","Wisselkoersen opslaan"
"Save Profile","Profiel opslaan"
"Save Role","Rol opslaan"
"Save Template","Sjabloon Opslaan"
"Save User","Gebruiker opslaan"
"Save Variable","Sla Variabele"
"Save and Continue Edit","Toepassen"
"Search","Zoek"
"Search Index","Zoekindex"
"Search Term","Zoekterm"
"Search Terms","Zoektermen"
"Search entire store here...","Doorzoek de hele winkel"
"Searching...","Zoeken..."
"Select","Selecteer"
"Select All","Alles selecteren"
"Select Category","selecteer categorie"
"Select Date","Datum selecteren"
"Select Range","Selecteer bereik op"
"Select date","Datum selecteren"
"Selected allowed currency ""%s"" is not available in installed currencies.","Geselecteerde toegestane valuta ""%s"" is niet beschikbaar in geïnstalleerde valuta's."
"Selected base currency is not available in installed currencies.","Geselecteerde basisvaluta is niet beschikbaar in geïnstalleerde valuta's."
"Selected default display currency is not available in allowed currencies.","Geselecteerde standaardweergavemunt is niet beschikbaar in toegestane munten."
"Selected default display currency is not available in installed currencies.","Geselecteerde standaardweergavemunt is niet beschikbaar in geïnstalleerde munten."
"Self-assigned roles cannot be deleted.","Zelf-toegewezen rollen kunnen niet worden verwijderd."
"Sender","Afzender"
"Separate Email","Afzonderlijke e-mail"
"Serialized data is incorrect","Geserialiseerde gegevens zijn onjuist"
"Shipment #%s comment added","Notitie toegevoegd aan levering #%s"
"Shipment #%s created","Levering #%s aangemaakt"
"Shipment Comments","Opmerkingen verzending"
"Shipment History","Levering Geschiedenis"
"Shipments","Verzendingen"
"Shipping","Aflevering"
"Shipping Address","Bezorgadres"
"Shipping Address: ","Afleveradres: "
"Shipping Origin","Plaats van verzending"
"Shipping Price","Verzendkosten"
"Shipping address selection is not applicable","Keuze van afleveradres is niet toepasbaar"
"Shipping method must be specified.","Verzendmethode moet worden gespecificeerd."
"Shipping method selection is not applicable","Gekozen verzendwijze is niet toepasbaar"
"Shopping Cart","Winkelwagen"
"Shopping Cart Price Rules","Winkelwagen prijsregels"
"Shopping Cart from %s","Winkelwagen van %s"
"Show By","Tonen op"
"Show Report For:","Toon rapport voor:"
"Show Reviews","Beoordelingen tonen"
"Sitemap Information","Sitemap-informatie"
"Size for %s","Grootte voor %s"
"Skip Category Selection","Categorieselectie overslaan"
"Some items in this order have different invoice and shipment types. You can create shipment only after the invoice is created.","Sommige bestelde producten hebben afwijkende factuur- en verzendgegevens. U kunt pas een zending aanmaken nadat u hebt gefactureerd."
"Some of the ordered items do not exist in the catalog anymore and will be removed if you try to edit the order.","Sommige bestelde artikelen bestaan niet langer in de catalogus en worden verwijderd als u probeert de bestelling te bewerken."
"Sorry, this feature is coming soon...","Sorry, deze functie komt spoedig..."
"Sort options","Sorteer opties"
"Special Price:","Speciale prijs:"
"Specific Countries","Bepaalde landen"
"Specified","Gespecificeerd"
"Specified profile does not exist.","Opgegeven profiel bestaat niet."
"Spreadsheet Name:","Spreadsheetnaam:"
"Start Date","begindatum"
"Starting at:","Beginnend op:"
"Starting profile execution, please wait...","Begin uitvoeren van profiel, wacht a.u.b..."
"State/Province:","Provincie:"
"Static Blocks","Statische blokken"
"Status","status"
"Status:","Status"
"Stock Quantity:","Voorraadhoeveelheid:"
"Stock notification was saved.","Voorraadmelding is opgeslagen."
"Store","Winkel"
"Store View","Winkelweergave"
"Store:","Winkel:"
"Storefronts : ","Winkelruimtes : "
"Stores","Winkels"
"Subject","Onderwerp"
"Submit","Bevestig"
"Subpackage cannot be conflicting.","Subpakket kan niet conflicteren."
"Subtotal","Subtotaal"
"Switch/Solo card issue number: %s","Switch/Solo card nummer: %s"
"Switch/Solo card start Date: %s/%s","Switch/Solo kaart begindatum: %s/%s"
"Switch/Solo/Maestro Only","Uitsluitend Switch/Solo/Maestro"
"Switch/Solo/Maestro(UK Domestic) Only","Enkel Switch/Solo/Maestro(UK binnenland)"
"Switch/Solo/Maestro(UK Domestic) card issue number: %s","Switch/Solo/Maestro(UK binnenland) kaart nummer: %s"
"Switch/Solo/Maestro(UK Domestic) card start Date: %s/%s","Switch/Solo/Maestro(UK binnenland) kaart begindatum: %s/%s"
"Symbol","Symbool"
"Symlinks are enabled. This may expose security risks. We strongly recommend to disable them.","Symlinks zijn ingeschakeld. Dit kan beveiligingsrisico's blootstellen. We raden sterk aan om ze uit te schakelen."
"Synchronization is required.","Synchronisatie is vereist."
"Synchronization of media storages has been successfully completed.","Synchronisatie van mediabibliotheken is met succes voltooid."
"Synchronize","Synchroniseren"
"Synchronizing %s to %s","Synchroniseren %s naar %s"
"Synchronizing...","Synchroniseren..."
"System","Systeem"
"System busy","Systeem bezig"
"Tags","tags"
"Target Path","Doelpad"
"Tax","BTW"
"Tb","Straat"
"Template","Sjabloon"
"Template Content","Template inhoud"
"Template Information","Template informatie"
"Template Name","Template naam"
"Template Styles","Template Stijl"
"Template Subject","Template onderwerp"
"Template Type","Template soort"
"Temporary (302)","Tijdelijk (302)"
"Terms and Conditions","Algemene Voorwaarden"
"Text","Tekst"
"The Catalog Rewrites were refreshed.","De Catalogus herschrijvingen werden vernieuwd."
"The CatalogInventory Stock Status has been rebuilt.","De voorraadstatus van het CatalogInventory is herbouwd."
"The Comment Text field cannot be empty.","Het tekstveld voor opmerkingen kan niet leeg zijn."
"The Flat Catalog Product was rebuilt","Het platte catalogusproduct werd herbouwd"
"The following role resource(s) are not orphaned: %s","De volgende rolbronnen zijn niet wees: %s"
"The JavaScript/CSS cache has been cleaned.","Het JavaScript/CSS cachegeheugen werd opgeschoond."
"The JavaScript/CSS cache has been cleared.","De JavaScript/CSS-cache is gewist."
"The Layered Navigation indexing has been queued.","De indexering van de Gegroepeerde Navigatie is in de wachtrij geplaatst."
"The Layered Navigation indexing queue has been canceled.","De indexwachtrij voor Gegroepeerde Navigatie is geannuleerd."
"The Layered Navigation indices were refreshed.","De indices van de Gegroepeerde Navigatie werden vernieuwd."
"The Layered Navigation process has been queued to be killed.","Het proces van de gefaseerde navigatie is in de wachtrij gezet om te worden beëindigd."
"The Maho cache has been flushed and updates applied.","De Maho-cache is leeggemaakt en updates toegepast."
"The Special Price is active only when lower than the Actual Price.","De Speciale Prijs is alleen actief wanneer deze lager is dan de Actuele Prijs."
"The URL Rewrite has been deleted.","De URL Rewrite is verwijderd."
"The URL Rewrite has been saved.","De URL Rewrite is opgeslagen."
"The account has been saved.","Het account is opgeslagen."
"The archive can be uncompressed with <a href=""%s"">%s</a> on Windows systems","Het archief kan uitgepakt worden met <a href=""%s"">%s</a> op Windows systemen."
"The attribute set has been removed.","De attribuutset is verwijderd"
"The backup's creation process will take time.","Het creatieproces van de back-up zal tijd kosten."
"The billing agreement has been canceled.","De betalingsovereenkomst is geannuleerd."
"The billing agreement has been deleted.","De factuurovereenkomst is verwijderd."
"The block has been saved.","De blok is opgeslagen."
"The cache storage has been flushed.","De cache-opslag is leeggemaakt."
"The carrier needs to be specified.","De vervoerder moet worden gespecificeerd."
"The catalog index has been rebuilt.","De catalogusindex is opnieuw opgebouwd."
"The catalog rewrites have been refreshed.","De catalogus herschrijvingen zijn vernieuwd."
"The configurable swatches image cache was cleaned.","De configurabele steekproefafbeeldingen-cache is schoongemaakt."
"The configuration has been saved.","De configuratie is opgeslagen."
"The credit memo has been canceled.","De creditfactuur is geannuleerd."
"The credit memo has been created.","De kredietnota is aangemaakt."
"The credit memo has been voided.","De kredietnota is geannuleerd."
"The custom variable has been deleted.","De aangepaste variabele is verwijderd."
"The custom variable has been saved.","De aangepaste variabele is opgeslagen."
"The customer has been deleted.","De klant is verwijderd."
"The customer has been saved.","De klant is opgeslagen."
"The design change has been deleted.","De ontwerpwijziging is verwijderd."
"The design change has been saved.","Het ontwerp wijziging is opgeslagen."
"The email address is empty.","Het e-mailadres is leeg."
"The email template has been deleted.","Het e-mailsjabloon is verwijderd."
"The email template has been saved.","Het e-mailsjabloon is opgeslagen."
"The flat catalog category has been rebuilt.","De platte cataloguscategorie is herbouwd."
"The following role resources are no longer available in the system: %s. You can delete them by <a href=%s"">clicking here</a>.""","De volgende rolbronnen zijn niet langer beschikbaar in het systeem: %s. U kunt ze verwijderen door <a href=%s"">hier te klikken</a>."
"The group node name must be specified with field node name.","De groepknooppuntnaam moet worden gespecificeerd met veldknooppuntnaam."
"The image cache was cleaned.","Het afbeeldingen cachegeheugen werd opgeschoond."
"The image cache was cleared.","De afbeeldingcache is leeggemaakt."
"The invoice and shipment have been created.","De factuur en verzending zijn aangemaakt."
"The invoice and the shipment  have been created. The shipping label cannot be created at the moment.","De factuur en de zending zijn aangemaakt. Het verzendlabel kan op dit moment niet worden aangemaakt."
"The invoice has been canceled.","De factuur is geannuleerd."
"The invoice has been captured.","De factuur is betaald"
"The invoice has been created.","De factuur is aangemaakt"
"The invoice has been voided.","De factuur is ongeldig"
"The invoice no longer exists.","Het factuurnummer bestaat niet meer."
"The item %s (SKU %s) does not exist in the catalog anymore.","Het item %s (SKU %s) bestaat niet langer in de catalogus."
"The order does not allow creating an invoice.","De bestelling staat niet toe om een factuur te maken."
"The order no longer exists.","De order bestaat niet langer."
"The poll has been deleted.","De poll is verwijderd."
"The poll has been saved.","De poll is opgeslagen."
"The profile has been deleted.","Het profiel is verwijderd."
"The profile has been saved.","Het profiel is opgeslagen."
"The profile has been updated.","Het profiel is bijgewerkt."
"The profile has no changes.","Het profiel heeft geen wijzigingen."
"The profile you are trying to save no longer exists","Het profiel dat u probeert op te slaan bestaat niet langer"
"The rating has been deleted.","De beoordeling is verwijderd."
"The rating has been saved.","De beoordeling is opgeslagen."
"The role has been deleted.","De rol is verwijderd."
"The role has been saved.","De rol is opgeslagen."
"The role has been successfully saved.","De rol is succesvol opgeslagen."
"The roles have been refreshed.","De rollen zijn vernieuwd."
"The search index has been rebuilt.","De zoekindex is opnieuw opgebouwd."
"The shipment has been created.","De verzending werd aangemaakt."
"The shipment has been sent.","De verzending is verzonden."
"The shipping label has been created.","Het verzendlabel is aangemaakt."
"The tag has been deleted.","De tag is verwijderd."
"The tag has been saved.","De tag is opgeslagen."
"The transaction details have been updated.","De transactie-details zijn bijgewerkt."
"The user has been deleted.","De gebruiker is verwijderd."
"The user has been saved.","De gebruiker is opgeslagen."
"The variable has been saved.","De variabele is opgeslagen."
"Themes JavaScript and CSS files combined to one file.","Thema's JavaScript- en CSS-bestanden gecombineerd tot één bestand."
"There is an error in one of the option rows.","Er is een fout opgetreden in één van de optierijen."
"This Account is","Deze Account is"
"This Email template no longer exists.","Deze e-mail sjabloon bestaat niet langer."
"This Role no longer exists","Deze rol bestaat niet langer"
"This Role no longer exists.","Deze rol bestaat niet langer."
"This account is","Dit account is"
"This account is inactive.","Deze account is inactief."
"This action cannot be undone.","Deze actie kan niet ongedaan gemaakt worden."
"This attribute set does not have attributes which we can use for configurable product","Deze attribuutset heeft geen attributen die we kunnen gebruiken voor een configureerbaar product"
"This attribute shares the same value in all the stores","Dit attribuut heeft dezelfde waarde in alle winkels"
"This block no longer exists.","Dit blok bestaat niet langer meer"
"This category is set to only include products matched by rules","Deze categorie is ingesteld om alleen producten op te nemen die worden gematcht door regels"
"This is a demo store. Any orders placed through this store will not be honored or fulfilled.","Dit is een demo-winkel. Een geplaatste bestelling zal niet worden verwerkt."
"This is a required field.","Dit is een verplicht veld."
"This product is currently disabled.","Dit product is momenteel uitgeschakeld."
"This report depends on timezone configuration. Once timezone is changed, the lifetime statistics need to be refreshed.","Deze rapportage is afhankelijk van de tijdzoneconfiguratie. Zodra de tijdzone wordt gewijzigd, moeten de levenslange statistieken worden vernieuwd."
"This section is not allowed.","Deze sectie is niet toeganglijk."
"This user no longer exists.","Deze gebruiker bestaat niet meer."
"This variable no longer exists.","Deze variabele bestaat niet langer."
"Time","Tijd"
"Time selection:","Tijdkeuze:"
"Time:","Tijd"
"Timeout limit for response from synchronize process was reached.","Tijdslimiet voor reactie van synchronisatieproces werd bereikt."
"To","Aan"
"To cancel pending authorizations and release amounts that have already been processed during this payment, click Cancel.","Om lopende autorisaties te annuleren en bedragen vrij te geven die al tijdens deze betaling zijn verwerkt, klik op Annuleren."
"To use PayPal Payflow Link, you must configure your PayPal Payflow Link account on the PayPal website.","Om de PayPal Payflow Link te gebruiken moet u deze configureren op de PayPal website."
"To use PayPal Payments Advanced, you must configure  your PayPal Payments Advanced account on the PayPal website.","Om PayPal-betalingen Advanced te gebruiken, moet u uw PayPal-betalingen Advanced-account configureren op de PayPal-website."
"Toggle Editor","Editor gebruiken"
"Tools","Instellingen"
"Top 5 Search Terms","Top 5 zoektermen"
"Total","Totaal"
"Total Invoiced","Totaal gefactureerd"
"Total Order Amount","Totaal orderbedrag"
"Total Refunded","Totaal terugbetaald"
"Total of %d record(s) have been deleted.","Totaal van %d record(s) zijn verwijderd."
"Total of %d record(s) have been updated.","Totaal van %d record(s) zijn bijgewerkt."
"Total of %d record(s) were canceled.","Totaal van %d record(s) werden geannuleerd."
"Total of %d record(s) were deleted","Totaal van %d record(s) werden verwijderd"
"Total of %d record(s) were deleted.","Totaal van %d record(s) werden verwijderd."
"Total of %d record(s) were updated","Totaal van %d record(s) werden bijgewerkt"
"Total of %d record(s) were updated.","Totaal van %d record(s) werden bijgewerkt."
"Track Order","Volg bestelling"
"Track this shipment","Traceer deze bestelling"
"Tracking number %s for %s assigned","Volgnummer %s voor %s is toegewezen"
"Tracking number cannot be empty.","Volgnummer kan niet leeg zijn."
"Transaction Data","Transactiedatum"
"Transaction Details","Transactiedetails"
"Transaction ID","Transactie-ID"
"Transaction Type","Transactietype"
"Transactional Emails","Transactionele e-mails"
"Transactions","Transacties"
"Type","Soort"
"Type:","Soort:"
"URL Rewrite","URL herschrijven"
"URL Rewrite Information","URL-herschrijving informatie"
"URL Rewrite Management","URL-herschrijf beheer"
"Unable to cancel the credit memo.","Kan de creditnota niet annuleren."
"Unable to find a Email Template to delete.","Kan geen E-mailsjabloon vinden om te verwijderen."
"Unable to find a block to delete.","Kan geen blok vinden om te verwijderen."
"Unable to find a poll to delete.","Kan geen enquête vinden om te verwijderen."
"Unable to find a tag to delete.","Kan geen tag vinden om te verwijderen."
"Unable to find a user to delete.","Geen gebruiker gevonden om te verwijderen."
"Unable to find a variable to delete.","Kan geen variabele vinden om te verwijderen."
"Unable to initialize import model","Kan geen import-model initialiseren"
"Unable to refresh lifetime statistics.","Kan levenslange statistieken niet vernieuwen."
"Unable to refresh recent statistics.","Kan recente statistieken niet vernieuwen."
"Unable to save Cron expression","Kan Cron-expressie niet opslaan"
"Unable to save the cron expression.","Kan geen cron-expressie opslaan."
"Unable to save the invoice.","Kan de factuur niet opslaan."
"Unable to send the invoice email.","Kan de factuur-e-mail niet verzenden."
"Unable to send the shipment email.","Kan het verzendings-e-mailbericht niet verzenden."
"Unable to update transaction details.","Kan transactiedetails niet bijwerken."
"Unable to void the credit memo.","Kan de kredietnota niet annuleren."
"Unknown","Onbekend"
"Unlimited","Onbeperkt"
"Update","Bijwerken"
"Updated At","Bijgewerkt op"
"Upload File","Bestand uploaden"
"Upload Files","Bestanden uploaden"
"Upload HTTP Error","Upload HTTP fout"
"Upload I/O Error","Upload I/O fout"
"Upload Security Error","Upload veiligheidsfout"
"Upload import file","Importbestand uploaden"
"Uploaded file is larger than %.2f kilobytes allowed by server","Geüpload bestand is groter dan %.2f kilobyte toegestaan door server"
"Use All Available Attributes","Gebruik alle beschikbare attributen"
"Use Config Settings","Gebruik configuratiewaarden"
"Use Default","Gebruik standaard"
"Use Default Value","Gebruik standaard waarde"
"Use Default Variable Values","Standaard waarde van variabele gebruiken"
"Use FTP Connection","Gebruik FTP-verbinding"
"Use Website","Website gebruiken"
"Used Currently For","Momenteel gebruikt voor"
"Used as Default For","Standaard gebruikt voor"
"User Email","E-mail van gebruiker"
"User ID","Gebruiker-ID"
"User Info","Gebruikerinfo"
"User Information","Gebruikergegevens"
"User Name","Gebruikersnaam"
"User Name is required field.","Gebruikersnaam is een verplicht veld."
"User Name:","Gebruikersnaam:"
"User Password","Gebruikerswachtwoord"
"User Role","Rol van gebruiker"
"User Roles","Gebruikersrollen"
"User Roles Information","Rolgegevens gebruiker"
"User Type Resources","Gebruikerstypebronnen"
"User name","Gebruikersnaam"
"Users","Gebruikers"
"Utilities","Hulpmiddelen"
"VAT Number is Invalid","BTW-nummer is ongeldig"
"VAT Number is Valid","BTW-nummer is geldig"
"Validation Results","Validatieresultaten"
"Value","Waarde"
"Value Delimiter:","Waarde-scheidingsteken:"
"Variable","Variabel"
"Variable Code","Variabele Code"
"Variable Details","Variabele Details"
"Variable HTML Value","Variabele HTML-waarde"
"Variable ID","Variabele ID"
"Variable Name","Variabele Naam"
"Variable Name is incorrect.","Variabele Naam is onjuist."
"Variable Name is required field.","Naam van variabele is een verplicht veld."
"Variable Plain Value","Variabele platte waarde"
"Variable has been deleted.","Variabele is verwijderd."
"Variables","Variabelen"
"Verifier code: %s","Controlecode: %s"
"View Actions XML","Bekijk acties XML"
"View Full Size","Bekijk op ware grootte"
"View Statistics For:","Bekijk statistieken voor:"
"Visibility:","Zichtbaarheid"
"Warning","Waarschuwing"
"Warning! Empty value can cause problems with CSV format.","LET OP! Lege waarde kan problemen veroorzaken met het CSV-formaat."
"Warning!\r\nThis action will remove this user from already assigned role\r\nAre you sure?","Waarschuwing!\r\nDeze actie zal deze gebruiker verwijderen uit de reeds toegewezen rol\r\nBent u zeker?"
"Warning!\r\nThis action will remove those users from already assigned roles\r\nAre you sure?","Waarschuwing!\r\nDeze actie zal die gebruikers verwijderen uit reeds toegewezen rollen\r\nBent u zeker?"
"Warning: Please do not close the window during importing/exporting data","Waarschuwing: Sluit het venster niet tijdens het importeren/exporteren van gegevens"
"Watermark File for %s","Watermerk-bestand voor %s"
"We're in our typing table, coding away more features for Maho. Thank you for your patience.","We zitten in onze typetafel, coderen weg meer functies voor Maho. Bedankt voor uw geduld."
"Web Services","Webdiensten"
"Web services","Webservice"
"Website","website"
"What is this?","Wat is dit?"
"Wishlist Report","Verlanglijst-rapport"
"Wishlist item is not loaded.","Wensenlijstitem is niet geladen."
"Wrong account specified.","Verkeerd account opgegeven."
"Wrong billing agreement ID specified.","Verkeerde factuurafspraak-ID opgegeven."
"Wrong column format.","Verkeerde kolomindeling."
"Wrong field specified.","Verkeerd veld opgegeven."
"Wrong newsletter template.","Verkeerd nieuwsbriefsjabloon."
"Wrong quote item.","Verkeerd offerte-item."
"Wrong tab configuration.","Verkeerde tab-configuratie."
"Wrong tab configuration for %s %s.","Verkeerde tab-configuratie voor %s %s."
"Wrong tag was specified.","Verkeerde tag was opgegeven."
"Wrong transaction ID specified.","Verkeerd transactie-ID opgegeven."
"XML","XML"
"XML data is invalid.","XML-gegevens zijn ongeldig."
"XML object is not instance of ""Varien_Simplexml_Element"".","XML-object is geen instantie van ""Maho_Simplexml_Element""."
"YTD","Vanaf begin dit jaar"
"Year","Jaar"
"Yes","Ja"
"Yes (301 Moved Permanently)","Ja (301 Permanent verplaatst)"
"Yes (302 Found)","Ja (302 gevonden)"
"Yes (only price with tax)","Ja (alleen prijzen incl. BTW)"
"You cannot delete your own account.","U kan niet uw eigen account verwijderen"
"You did not sign in correctly or your account is temporarily disabled.","U hebt zich niet correct aangemeld of uw account is tijdelijk uitgeschakeld."
"You have %s unread message(s).","U heeft %s ongelezen bericht(en)."
"You have %s unread message(s). <a href=""%s"">Go to messages inbox</a>.","U heeft %s ongelezen bericht(en). <a href=""%s"">Ga naar berichteninbox</a>."
"You have %s, %s and %s unread messages. <a href=""%s"">Go to messages inbox</a>.","U heeft %s, %s en %s ongelezen berichten. <a href=""%s"">Ga naar berichteninbox</a>."
"You have logged out.","U bent afgemeld."
"You have not enough permissions to use this functionality.","U heeft niet genoeg machtigingen om deze functionaliteit te gebruiken."
"You must have JavaScript enabled in your browser to utilize the functionality of this website.","U moet JavaScript ingeschakeld hebben in uw browser om de functionaliteit van deze website te kunnen gebruiken."
"You need to specify order items.","U moet orderitems specificeren."
"You will need to wait when the action ends.","U moet wachten tot de actie eindigt."
"Your answers contain duplicates.","Uw antwoord bevat duplicaten."
"Your password has been updated.","Uw wachtwoord is bijgewerkt."
"Your password reset link has expired.","Uw wachtwoord-reset-link is verlopen"
"Your server PHP settings allow you to upload files not more than %s at a time. Please modify post_max_size (currently is %s) and upload_max_filesize (currently is %s) values in php.ini if you want to upload larger files.","De PHP-instellingen van uw server staan niet toe om files  te uploaden die groter zijn dan %s. Wijzig de waarden van post_max_size (nu %s) en upload_max_filesize (nu %s) in php.ini als u grotere files wilt uploaden."
"Your web server is configured incorrectly. As a result, configuration files with sensitive information are accessible from the outside. Please contact your hosting provider.","Uw webserver is niet correct geconfigureerd. Als gevolg hiervan zijn configuratiebestanden met gevoelige informatie van buitenaf toegankelijk. Neem a.u.b. contact op met uw hostingprovider."
"Zip/Postal Code","Postcode"
"Zip/Postal Code:","Postcode:"
"[ deleted ]","[ verwijderd ]"
"[GLOBAL]","[GLOBAAL]"
"[STORE VIEW]","[WINKELAANZICHT]"
"[WEBSITE]","[WEBSITE]"
"b","B"
"close","Sluiten"
"critical","kritisch"
"example: ""sitemap/"" or ""/"" for base path (path must be writeable)","voorbeeld: ""sitemap/"" of ""/"" voor basispad. (Pad moet schrijfbaar zijn.)"
"example: sitemap.xml","voorbeeld: sitemap.xml"
"failed","mislukt"
"from","van"
"major","belangrijk"
"minor","gering"
"notice","melding"
"store(%s) scope","Scope winkel (%s)"
"successful","geslaagd"
"to","naar"
"website(%s) scope","Scope website(%s)"
"{{base_url}} is not recommended to use in a production environment to declare the Base Unsecure URL / Base Secure URL. It is highly recommended to change this value in your Maho <a href=""%s"">configuration</a>.","{{base_url}} wordt niet aanbevolen om te gebruiken in een productieomgeving om de Basis Onveilige URL / Basis Veilige URL te declareren. Het wordt hoogst aanbevolen om deze waarde in uw Maho <a href=""%s"">configuratie</a> te wijzigen."
"At least one currency has to be allowed.","Ten minste één valuta moet worden toegestaan."
