"# of Use","# în Uz"
"%1$s incl tax.","%1$s cu taxe"
"%s - %s","%s - %s"
"%s-%s of %s","%s-%s din %s"
"%s and above","%s și peste"
"%s Item(s)","%s Articol(e)"
"(%d)","(%d)"
"(Copy data from: %s)","(Copiere date de la: %s)"
"* Required Fields","* Campuri obligatorii"
"-- Please Select --","-- Selectați --"
"86400 by default, if not set. To refresh instantly, Clear the Blocks HTML Output Cache.","86400 implicit, dacă nu e setat. Pentru a reîmprospăta instant, Curățare Cache Ieșire HTML Blocuri"
"<strong style=""color:red"">Warning!</strong> Applying MAP by default will hide all product prices on the frontend.","<strong style=""color:red"">Atenție!</strong> Aplicarea MAP implicit va ascunde toate prețurile produselor pe interfața utilizator."
"Action","Acțiune"
"Actual Price","Preț Actual"
"Add","Adăugare"
"Add Attribute","Adăugați atribut"
"Add attribute into attribute set","Adăugare atribut în set atribute"
"Add Design Change","Adăugați modificare de design"
"Add Group","Adăugați grupă"
"Add group into attribute set","Adăugare grup în set atribute"
"Add Group Price","Adăugare Preț Grup"
"Additional Information","Informații Suplimentare"
"Additional Views","Additional Views"
"Add New","Adăugați nou"
"Add New Attribute","Adăugați atribut nou"
"Add New Attribute Set","Adăugați set atribute nou"
"Add new custom option into product","Adăugare opțiune personalizată nouă în produs"
"Add New Group","Adăugați grupă nouă"
"Add New Images","Adăugați imagini noi"
"Add New Option","Adăugați opțiune nouă"
"Add New Row","Adăugați rând nou"
"Add New Search Term","Adăugare termen de căutare nou"
"Add New Set","Adăugare Set Nou"
"Add new values into custom option","Adăugare valori noi în opțiune personalizată"
"Add option","Adăugare Opțiune"
"Add Product","Adăugați produs"
"Add Product To Websites","Adăugați produs la website-uri"
"Add Root Category","Adăugați categorie de bază"
"Add Subcategory","Adăugați subcategorie"
"Add Tax","Adăugare Taxă"
"Add Tier","Adăugare Nivel"
"Add to Cart","Adăugați in coș"
"Add to Compare","Adaugă pentru comparare"
"Add to Wishlist","Adăugare Listă Dorințe"
"A group with the same name already exists.","Există deja un grup cu același nume."
"Alert Urls","Url-uri Alerte"
"All","Toate"
"ALL GROUPS","TOATE GRUPURILE"
"Allow All Products per Page","Permiteți afișarea tuturor produselor pe pagină"
"Allow Dynamic Media URLs in Products and Categories","Permitere URL-uri Media Dinamice în Produse și Categorii"
"Allowed File Extensions","Extensii Fișier Permise"
"Allowed file extensions to upload","Extensii fișier permise pentru încărcare"
"Allow HTML Tags on Frontend","Permitere Tag-uri HTML pe Frontend"
"All products","Toate produsele"
"All products - recently added products, New products - products marked as new","Toate produsele - produse recent adăugate, Produse noi - produse marcate ca noi"
"All products of this set will be deleted! Type ""confirm"" to proceed.","All products of this set will be deleted! Type ""confirm"" to proceed."
"All Product Types","Toate Tipurile de Produs"
"All Websites","Toate Website-urile"
"AM","Dimineață"
"Amount","Sumă"
"A name is required","E necesar un nume"
"Anchor Custom Text","Text personalizat fix"
"Anchor Custom Title","Titlu personalizat fix"
"and","și"
"and above","si deasupra"
"An error occurred while adding products to websites.","Eroare apărută la adăugarea produselor la site-uri."
"An error occurred while clearing comparison list.","Eroare apărută la curățarea listei de comparație."
"An error occurred while deleting this review.","Eroare apărută la ștergerea acestei recenzii."
"An error occurred while removing products from websites.","Eroare apărută la eliminarea produselor din site-uri."
"An error occurred while saving the attribute set.","Eroare apărută la salvarea setului de atribute."
"An error occurred while saving the collection, aborting. Error message: %s","Eroare apărută la salvarea colecției, renunțare. Mesaj eroare: %s"
"An error occurred while saving the product. ","Eroare apărută la salvarea produsului."
"An error occurred while saving the search query.","Eroare apărută la salvarea interogării de căutare."
"An error occurred while saving the URL rewrite","Eroare apărută la salvarea rescrierii URL."
"An error occurred while saving this review.","Eroare apărută la salvarea acestei recenzii."
"An error occurred while updating the product(s) attributes.","Eroare apărută la actualizarea atributelor produsului(elor)."
"An error occurred while updating the product(s) status.","Eroare apărută la actualizarea statusului produsului(elor)."
"An invalid group ID is specified, skipping the record.","ID grup specificat invalid, sărire peste înregistrare."
"An invalid option ID is specified for %s (%s), skipping the record.","ID opțiune specificată invalid pentru %s (%s), sărire peste înregistrare."
"An invalid store was specified.","Un magazin invalid a fost specificat."
"Applicable to catalog products and categories only. Any media content will be inserted into editor as a static URL. It is not updated if the system configuration base URL changes.","Aplicabil la produse și categorii de catalog numai. Orice conținut media va fi inserat în editor ca URL static. Nu se actualizează dacă se schimbă adresa de bază URL a configurației sistemului."
"Apply MAP (Default Value)","Aplicare PMP (Valoare Implicită)"
"Apply To","Aplicare La"
"Approved","Aprobat"
"A product type is not defined for the indexer.","Un tip de produs nu este definit pentru indexare."
"Are you sure?","Sunteți sigur?"
"Are you sure you want to delete this category?","Sunteți sigur că doriți să ștergeți această categorie?"
"Are you sure you would like to remove all products from your comparison?","Sunteți sigur că vreți să eliminați toate produsele din comparația dvs.?"
"Are you sure you would like to remove this item from the compare products?","Sunteți sigur că vreți să eliminați acest articol din lista de comparație?"
"As low as:","Minim:"
"Assign","Atribuire"
"Assigned Products","Produse Atribuite"
"Assign product link","Atribuire legătură produs"
"Assign product to category","Atribuire produs la categorie"
"Associated Products","Produse asociate"
"Attrib. Set Name","Nume Set Atribute"
"Attribute ""%s"" is invalid.","Atributul ""%s"" e invalid."
"Attribute ""%s"" is required.","Atributul ""%s"" e necesar."
"Attribute add","Adăugare atribut"
"Attribute code is invalid. Please use only letters (a-z), numbers (0-9) or underscore(_) in this field, first character should be a letter. Do not use ""event"" for an attribute code.","Codul de atribut este invalid. Vă rugăm să utilizați doar litere (a-z), numere (0-9) sau underscore (_) în acest câmp, primul caracter trebuie să fie o literă. Nu utilizați ""eveniment"" pentru un cod de atribut."
"Attribute code is invalid. Please use only letters (a-z), numbers (0-9) or underscore(_) in this field, first character should be a letter. Do not use event"" for an attribute code.""","Codul de atribut este invalid. Vă rugăm să utilizați doar litere (a-z), numere (0-9) sau underscore (_) în acest câmp, primul caracter trebuie să fie o literă. Nu utilizați ""eveniment"" pentru un cod de atribut."
"Attribute Information","Informații atribut"
"Attribute Model","Model Atribut"
"Attribute Name:","Nume Atribut:"
"Attribute remove","Eliminare atribut"
"Attributes","Atribute"
"Attribute Set","Set atribute"
"Attribute Sets","Atribuiți seturi"
"Attribute with the same code already exists","Există deja un atribut cu acest cod"
"Attrribute names can be specified per store.","Numele atributelor pot fi specificate per magazin."
"Autogenerate","Auto-generare"
"Availability:","Disponibilitate:"
"Back","înapoi"
"Backend Model","Model Backend"
"Backend Table","Tabel Backend"
"Backend Table Title","Titlu Tabel Backend"
"Backorders","Comenzi în așteptare"
"Based On","Bazat pe"
"Base Image Width","Lățimea imaginii de bază"
"Before Order Confirmation","Înainte de Confirmarea Comenzii"
"Best Value","Cea mai bună Valoare"
"Block after Info Column","Bloc după Coloana Info"
"Bottom/Left","Jos/Stânga"
"Bottom/Right","Jos/Dreapta"
"Bottom Block Options Wrapper","Wrapper Opțiuni Bloc Jos"
"Browse By","Caută După"
"Bundle Items","Articole la pachet"
"Buy %1$s","Cumpărați %1$s"
"Buy %1$s for","Cumpărați %1$s pentru"
"Buy %1$s for %2$s","Cumpărați %1$s pentru %2$s"
"Buy %1$s for %2$s (%3$s incl. tax) each","Cumpărați %1$s pentru %2$s (%3$s cu taxe) fiecare"
"Buy %1$s for %2$s each","Cumpărați %1$s pentru %2$s fiecare"
"Cache Lifetime (Seconds)","Termen Cache (Secunde)"
"Cache refresh needed.","Reîmprospătare cache necesară"
"Can't create image.","Nu pot crea imagine."
"Can't delete root category.","Can't delete root category."
"Can be Divided into Multiple Boxes for Shipping","Poate fi Împărțit în Cutii Multiple pentru Expediere"
"Can be used only with catalog input type Dropdown","Poate fi folosit doar pentru intrare de catalog tip Dropdown"
"Can be used only with catalog input type Dropdown, Multiple Select and Price","Poate fi folosit doar pentru intrare de catalog tip Dropdown, Selectare Multiplă și Preț"
"Cancel","Anulează"
"Cannot create image.","Nu se poate crea imaginea."
"Cannot create writeable directory '%s'.","Nu se poate crea directorul inscriptibil '%s'."
"Cannot delete group. Please move configurable attributes to another group and try again.","Cannot delete group. Please move configurable attributes to another group and try again."
"Cannot unassign configurable attribute","Cannot unassign configurable attribute"
"Cart Item Attribute","Atribut Articol Coș"
"Catalog","Catalog"
"Catalog, Search","Catalog, Căutare"
"Catalog Category (Anchor)","Categorie Catalog (Ancoră)"
"Catalog Category (Non-Anchor)","Categorie Catalog (Non-Ancoră)"
"Catalog Category (Without Subcategories)","Categorie Catalog (Fără Subcategorii)"
"Catalog Category Link","Link categorie catalog"
"Catalog New Products List","Listă produse noi catalog"
"Catalog Price Scope","Domeniu Preț Catalog"
"Catalog Product Compare List","Listă Comparație Produs Catalog"
"Catalog product custom options API","API opțiuni personalizate produs catalog"
"Catalog product custom option values API","API valori opțiune personalizată produs catalog"
"Catalog Product Email to a Friend","Trimitere E-mail Prieten Produs Catalog"
"Catalog Product Image Gallery Popup","Popup Galerie Imagini Produs Catalog"
"Catalog Product Link","Link Produs Catalog"
"Catalog Product View (Any)","Vizualizare Produs Catalog (Oricare)"
"Catalog Product View (Configurable)","Vizualizare Produs Catalog (Configurabil)"
"Catalog Product View (Grouped)","Vizualizare Produs Catalog (Grupat)"
"Catalog Product View (Simple)","Vizualizare Produs Catalog (Simplu)"
"Catalog Product View (Virtual)","Vizualizare Produs Catalog (Virtual)"
"Catalog Seo Sitemap (Category List)","Hartă Site Seo Catalog (Listă Categorii)"
"Catalog Seo Sitemap (Category Tree)","Hartă Site Seo Catalog (Arbore Categorii)"
"Catalog Seo Sitemap (Common)","Hartă Site Seo Catalog (Comun)"
"Catalog Seo Sitemap (Product List)","Hartă Site Seo Catalog (Listă Produse)"
"Catalog URL Rewrites","Rescrieri URL Catalog"
"Categories","Categorii"
"categories","Categorii"
"Categories Sitemap","Hartă Site Categorii"
"Category","Categorie"
"Category API","API Categorie"
"Category attributes API","API atribute categorie"
"Category Data","Date Categorie"
"Category delete error: %s","Category delete error: %s"
"Category Flat Data","Plan informații catalog"
"Category is not dynamic.","Category is not dynamic."
"Category Link Block Template","șablon bloc link categorie"
"Category Link Inline Template","șablon inline link categorie"
"Category move error: %s","Category move error: %s"
"Category must be an instance of Mage_Catalog_Model_Category.","Categoria trebuie să fie instanță de Mage_Catalog_Model_Category."
"Category not found.","Category not found."
"Category Products","Categorii de produse"
"Category save error: %s","Category save error: %s"
"Category Top Navigation","Navigare Top Categorie"
"Category URL Suffix","Sufix URL Categorie"
"Category was not found.","Category was not found."
"Center","Centru"
"Change","Modifică"
"Change or Retrieve attribute store view","Schimbare sau Recuperare atribut vitrină"
"Change status","Modificați status"
"Check items to add to the cart or","Verificare articole pentru a le adăuga la coș sau"
"Choose an Option...","Alegeți o opțiune.."
"Clear All","Ștergeți toate filtrele"
"Clear Price","ștergere preț"
"Click for price","Faceți click pe preț"
"Close Window","Închide fereastra"
"Collapse All","Restrângeți toate"
"Comma-separated.","Separate prin Virgulă."
"Comparable","Camparabil"
"Comparable on Front-end","Comparabil pe Front-End"
"Comparable on the Frontend","Comparabil pe Interfața Utilizator"
"Compare","Comparați"
"Compare Products","Comparați produse"
"Conditions","Conditions"
"Conditions Combination","Combinație Condiții"
"Configurable Product","Produs Configurabil"
"Configurable Product Settings","Setări Produse Configurabile"
"Configure Product","Configurare produs"
"Continue","Continuați"
"Controls display of Add to Cart and View Details buttons in category pages and product lists. When disabled, only product names and images will be clickable.","Controls display of Add to Cart and View Details buttons in category pages and product lists. When disabled, only product names and images will be clickable."
"Copy From Configurable","Copiere de la Configurabil"
"Country/State","Țară/Județ"
"Create","Creare"
"Create (Upload)","Creare (Încărcare)"
"Create attribute set based on another set","Creare set atribute pe baza altui set"
"Create Empty","Creare Gol"
"Create new attribute","Creare Atribut Nou"
"Create new category","Creare categorie nouă"
"Create new product","Creare produs nou"
"Create Permanent Redirect for old URL","Creare Redirecționare Permanentă pentru URL vechi"
"Create Permanent Redirect for URLs if URL Key Changed","Creare Redirecționare Permanentă pentru URL-uri dacă Cheia URL s-a Schimbat"
"Create Product Settings","Setări Creare Produs"
"Create Simple Associated Product","Creare Produs Asociat Simplu"
"Cross-sells","Cross-selling"
"Currently Shopping by:","Momentan Cumpărați după:"
"Custom Design","Design personalizat"
"Customer Group","Grup Clienți"
"Customers Reviews","Recenzii Clienți"
"Customers Tagged Product","Produs Etichetat de Client"
"Custom Options","Opțiuni personalizate"
"Custom options","Opțiuni Personalizate"
"Data Type for Saving in Database","Tip informație pentru salvarea în baza de date"
"Date & Time Custom Options","Opțiuni personalizate Dată și Oră"
"Date Fields Order","Ordine câmpuri dată"
"Date Subscribed","Dată Înscriere"
"Datetime","Setează data"
"Decimal","Zecimal"
"Declare attribute value saving scope","Declarare acoperire salvare valoare atribut"
"Default ""What's This"" Text Message","Text mesaj implicit ""Ce este aceasta"""
"Default Popup Text Message","Mesaj Text Popup Implicit"
"Default Price","Preț standard"
"Default Price Navigation Step","Treaptă navigare preț implicit"
"Default Qty","Cant. Implicită"
"Default Values","Valori implicite"
"Defines the base currency scope (""Currency Setup"" > ""Currency Options"" > ""Base Currency"").","Definește acoperirea valutei de bază (""Setare Valută"" > ""Opțiuni Valută"" > ""Valuta de Bază"")."
"Delete","Șterge"
"Delete Attribute","ștergeți atribut"
"Delete attribute","Ștergere Atribut"
"Delete Attribute Set","Ștergere Set Atribute"
"Delete Category","Ștergere Categorie"
"Delete category","Ștergere Categorie"
"Delete Group Price","Ștergere Preț Grup"
"Delete Option","ștergeți opțiune"
"Delete product","Ștergere produs"
"Delete Row","ștergere rând"
"Delete Search","șterge căutare"
"Delete Selected Group","ștergeți grupul selectat"
"Delete Tier","ștergeți nivel"
"Depends on design theme","Depinde de tema aspectului"
"Description","Descriere"
"Design","Aspect"
"Details","Detalii"
"Disabled","Dezactivat"
"Disallowed file format.","Format de fișier interzis."
"Disallowed file type.","Tip fișier nepermis."
"Display Actual Price","Afișare Preț Real"
"Display in Suggested Terms","Afișează în Termeni Recomandați"
"Display Page Control","Control pagină afișare"
"Display Price Interval as One Price","Afișați interval preț ca un singur preț"
"Display Product Count","Afișează sumă produs"
"Display Type","Tip afișare"
"Double click on above image to view full picture","Dublu-click pe imaginea de mai sus pentru a o vizualiza în întregime"
"Double click on a group to rename it","Dublu-click pe un grup pentru a-l redenumi"
"Downloadable Information","Informație Descărcabilă"
"Duplicate","Duplicat"
"Duplicate amount found.","Sumă duplicat găsită."
"Duplicate website, country and state tax found.","Duplicat site, țară și taxă găsite."
"Duplicate website group price customer group.","Grup clienți preț grup site duplicat."
"Duplicate website tier price customer group and quantity.","Duplicat site, nivel preț, grup clienți și cantitate."
"Dynamic category processed successfully.","Dynamic category processed successfully."
"Dynamic Category Rules","Dynamic Category Rules"
"E.g. {{media url=""path/to/image.jpg""}} {{skin url=""path/to/picture.gif""}}. Dynamic directives parsing impacts catalog performance.","Ex. {{cale media=""cale/către/imagine.jpg""}} {{cale temă=""cale/către/pictură.gif""}}. Directivele de parcurgere dinamică afectează performanța catalogului."
"each","fiecare"
"Edit","Editare"
"Edit Attribute Set '%s'","Modificare Set Atribute '%s'"
"Edit Product Attribute","Editează atribut produs."
"Edit Product Attribute ""%s""","Modificare Atribut Produs ""%s"""
"Edit Search","Editare căutare"
"Edit Search '%s'","Modificare Căutare '%s'"
"Edit Set Name","Modificare Nume Set"
"Email","E-mail"
"Email to a Friend","Trimiteți e-mail unui Prieten"
"Empty","Gol"
"Enable Add to cart Button in product listings","Enable Add to cart Button in product listings"
"Enabled","Activat"
"Enable for reindexing a big number of SKUs.","Activare pentru reindexarea unui număr mare de coduri produs."
"Enable MAP","Activare PMP"
"Enable Qty Increments","Activați creșteri cantitate"
"Enable WYSIWYG","Activare WYSIWYG"
"Error during retrieval of option value: %s","Eroare la recuperarea valorii opțiunii: %s"
"Error loading children: %s","Error loading children: %s"
"ex. http://domain.com","ex. http://domeniu.com"
"Exclude","Excludeți"
"Expand All","Extindeți toate"
"Failed","Eșuat"
"Failed to copy file %s. Please, delete media with non-existing images and try again.","Eșec la copierea fișierului %s. Ștergeți media cu imagini non-existente și încercați din nou."
"Failed to move file: %s","Mutare fișier eșuată: %s"
"Feature Products","Recomandare Produse"
"Field is not complete","Câmpul nu e complet"
"File options format is not valid.","Formatul opțiunilor de fișier nu e valid."
"File upload failed","Încărcare fișier eșuată"
"File upload failed. Please contact the store administrator.","File upload failed. Please contact the store administrator."
"File upload failed with error code: %s","File upload failed with error code: %s"
"Filter","Filtrare"
"Filterable (no results)","Filtrabile (fără rezultate)"
"Filterable (with results)","Filtrabile (cu rezultate)"
"Filter model name must be declared.","Numele modelului de filtru trebuie declarat."
"Filter must be an object. Please set correct filter.","Filtrul trebuie să fie obiect. Setați filtrul corect."
"Filters","Filters"
"First Name","Prenume"
"Fixed","Fix"
"For internal use.","Pentru uz intern."
"For the last time placed.","Pentru ultima dată plasată."
"Frontend","Interfață Utilizator"
"Frontend Model","Model Interfață Utilizator"
"Frontend Properties","Proprietăți Interfață Utilizator"
"Gallery","Galerie"
"General Information","Informații generale"
"Get full information about attribute with list of options","Obținere informații complete despre atribut împreună cu lista de opțiuni"
"Get full information about custom option in product","Obținere informații complete despre opțiunea personalizată în produs"
"Get list of available custom option types","Obținere listă de tipuri disponibile de opțiuni personalizate"
"Get list of non-default attributes by product type and attributes set","Obținere listă de atribute non-implicite după tipul produsului și setul de atribute"
"Get list of possible attribute types","Obținere listă de tipuri posibile de atribut"
"Get special price","Obținere preț special"
"Global","Globală"
"Globally Editable","Editabil la nivel global"
"Go to Home Page","Mergeți la pagina principală"
"Grid","Grilă"
"Group add","Adăugare grup"
"Grouped Product","Produs Grupat"
"Group remove","Eliminare grup"
"Groups","Grupuri"
"Home","Acasă"
"HTML tags are not allowed in SKU attribute.","Etichetele HTML nu sunt permise în atributul SKU."
"ID","ID"
"ID: %s","ID: %s"
"If empty, the Category Name will be used","Dacă e gol, Numele de Categorie va fi utilizat"
"If empty, the Product Name will be used","Dacă e gol, Numele de Produs va fi utilizat"
"If you do not specify an option value for a specific store view then the default (Admin) value will be used.","Dacă nu specificați o valoare de opțiune pentru o vedere de magazin specifică, atunci valoarea implicită (Admin) va fi utilizată."
"Image","Imagine"
"Image content is not valid base64 data.","Conținutul imaginii nu reprezintă date valide baza64."
"Image does not exist.","Imaginea nu există."
"Image file was not found.","Fișierul imagine nu a fost găsit."
"Image type and information need to be specified for each store view.","Tipul imaginii și informațiile trebuie specificate pentru fiecare vitrină în parte."
"In Cart","În Coș"
"Incl. Tax","Includere taxe"
"Indexed category/products association","Asociere produse/categorie indexate."
"Index product and categories URL rewrites","Indexare rescrieri URL pentru produse și categorii"
"Index product attributes for layered navigation building","Indexare atribute produse pentru construirea navigației stratificate"
"Index product prices","Index prețuri produs"
"Info","Informații"
"Info Column Options Wrapper","Wrapper Opțiuni Coloană Info"
"Input Type","Tip input"
"In Stock","în stoc"
"In stock","In stoc"
"Integer","întreg"
"Internal Error","Internal Error"
"Interval Division Limit","Limită diviziune interval"
"Invalid attribute %s","Atribut invalid %s"
"Invalid attribute option specified for attribute %s (%s), skipping the record.","Opțiune atribut specificată pentru atributul %s (%s) invalidă, sărire peste înregistrare."
"Invalid attribute set specified, skipping the record.","Set atribute specificat invalid, sărire peste înregistrare."
"Invalid block: %s.","Bloc invalid: %s."
"Invalid category.","Categorie invalidă."
"Invalid category IDs.","ID-uri categorie invalide."
"Invalid custom option(s).","Opțiune(ile) personalizată(e) invalide."
"Invalid image file type.","Tip fișier imagine invalid."
"Invalid image type.","Tip imagine invalid."
"Invalid option ID specified for %s (%s), skipping the record.","ID opțiune specificat pentru %s (%s) invalid, sărire peste înregistrare."
"Invalid product type specified, skipping the record.","Tip produs specificat invalid, sărire peste înregistrare."
"Invalid store specified","Magazin specificat invalid"
"Invalid store specified, skipping the record.","Magazin specificat invalid, sărire peste înregistrare."
"Invalid Tier Prices","Prețuri Nivele Invalide"
"Invalid tier prices. The product is not associated to the requested website.","Prețuri pe nivele invalide. Produsul nu e asociat cu website-ul solicitat."
"Inventory","Inverntar"
"Is Default","Este implicit"
"Is Required","Este Necesar"
"Items %s to %s of %s total","Articolele de la %s până la %s din %s în total"
"Items that you don't want to show in the catalog or search results should have status 'Disabled' in the desired store.","Articolele care nu vreți să apară în catalog sau în rezultatele căutărilor trebuie sa aibă starea 'Dezactivat' în magazinul dorit."
"Items that you do not want to show in the catalog or search results should have status 'Disabled' in the desired store.","Articolele care nu vreți să apară în catalog sau în rezultatele căutărilor trebuie sa aibă starea 'Dezactivat' în magazinul dorit."
"Keep your eyes open for our special Back to School items and save A LOT!","Fiți pe fază după articolele speciale Înapoi la Școală și economisiți ENORM!"
"Label","Etichetă"
"Last Name","Nume"
"Last Notification","Ultima Notificare"
"Layered Navigation","Navigație pe niveluri"
"Learn More","Mai multe"
"leave blank if its not an image","lăsați liber dacă nu e imagine"
"Line %d, Email: %s","Linie %d, E-mail: %s"
"Line %d, SKU: %s","Linie %d, COD: %s"
"Link (Related, Up sell, Cross sell)","Legătură(Asociat, Vânzare Imbunătățită, Vânzare Încrucișată)"
"Link product does not exist.","Produs legătură inexistent."
"Link to a Specified Category","Link către o categorie specificată"
"Link to a Specified Product","Link către Produsul Specificat"
"List","Listă"
"List Mode","Mod listă"
"List of Products that are set as New","Listă produse setate ca Noi"
"List of types","Listă tipuri"
"Manage Attributes","Gestionează Atribute"
"Manage Attribute Sets","Gestionați seturi atribute"
"Manage Catalog Categories","Gestionați catalog categorii"
"Manage Categories","Gestionați categorii"
"Manage Label / Options","Gestionează Etichetă / Opțiuni"
"Manage Options (values of your attribute)","Gestionează Opțiuni (valori ale atributului tău)"
"Manage Product Attributes","Gestionați atribut produs."
"Manage Products","Gestionează Produse"
"Manage Product Sets","Gestionați seturi produse"
"Manage Stock","Gestionare stoc"
"Manage Titles (Size, Color, etc.)","Gestionați titluri (Mărime, Culoare, etc.)"
"Max Characters","Număr maxim de caractere"
"Maximal Depth","Aprofundare maximală"
"Maximum allowed image size for '%s' is %sx%s px.","Dimensiunea imagine maximă permisă pentru '%s' este %sx%s px."
"Maximum image height","înălțime maximă imagine"
"Maximum Image Size","Mărime maximă imagine"
"Maximum image width","Lățime maximă imagine"
"Maximum number of characters:","Număr maxim de caractere:"
"Maximum Number of Price Intervals","Număr maxim de intervale preț"
"Maximum number of price intervals is 100","Numărul maxim de intervale preț este de 100"
"Maximum Qty Allowed in Shopping Cart","Cantitate maximă admisă în coșul de cumpărături"
"Maximum resolution for upload image","Rezoluție maximă pentru încărcarea imaginii"
"Maximum width and height dimension for upload image is %s.","Dimensiunea maximă de lățime și înălțime pentru imaginea încărcată este %s."
"Maximum width and height resolutions for upload image","Rezoluții maxime de lățime și înălțime pentru imaginea încărcată"
"Maximum width base product image will be scaled down to in pixels","Lățimea maximă a imaginii de produs de bază va fi redimensionată la în pixeli"
"Maximum width small product image will be scaled down to in pixels","Lățimea maximă a imaginii mici de produs va fi redimensionată la în pixeli"
"Media Image","Imagine media"
"Middle Name","Numele de mijloc"
"Minimum Advertised Price","Preț Minim Promovat"
"Minimum Lines per Page","Nr. Minim Linii pe Pagină"
"Minimum Qty Allowed in Shopping Cart","Cantitate minimă admisă în coșul de cumpărături"
"Minimum Qty for Item's Status to be Out of Stock","Cantitate minimă pentru starea de stoc epuizat al articolului"
"Missing SKU, skipping the record.","COD Lipsă, sărire peste înregistrare."
"Move","Mutare"
"Move category in tree","Mutare categorie în arbore"
"Multi update product","Actualizare multiplă produs"
"Must be in the allowed values list.","Trebuie să fie în lista valorilor permise."
"My Account","Contul meu"
"N/A","Indisponibil"
"Name","Nume"
"Name in %s","Nume În %s"
"New Product","Produs nou"
"New Product Attribute","Atribut produs nou"
"New Products","Produse noi"
"New products","Produse noi"
"New Products Grid Template","șablon Grilă Produse Noi"
"New Products List Template","șablon Listă Produse Noi"
"New Root Category","Categorie Rădăcină Nouă"
"New Search","Căutare nouă"
"New Set Name","Nume set nou"
"New Subcategory","Subcategorie Nouă"
"Next","Mai departe"
"No","Nu"
"No image","Fără imagine"
"No layout updates","Nici o actualizare de aspect"
"None","Nici unul"
"No options of this product are available.","Nu sunt disponibile opțiuni pentru acest produs."
"No product collections found.","Nicio colecție de produse găsită."
"Notify for Quantity Below","Notificați pentru cantitate mai jos"
"Notify Low Stock RSS","Notificare nivel stoc scăzut RSS"
"Not Visible Individually","Nu este vizibil individual"
"Number of Products per Page","Număr de produse pe pagină"
"Number of Products to Display","Număr de produse de afișat"
"Number of results","Număr de rezultate"
"Number of results (For the last time placed)","Număr de rezultate (Pentru ultima dată plasată)"
"Number of Uses","Număr de utilizări"
"OK","I'm ready to translate. Please provide the content to be translated to ""ro_RO""."
"Old Price:","Preț Vechi:"
"On Gesture","La Gest"
"Option:","Opțiune:"
"Options","Opțiuni"
"Options Control","Control Opțiuni"
"Options is required","Opțiunile sunt obligatorii"
"Option validation failed to add product to cart.","Validare opțiune eșuată pentru adăugarea produsul în coș."
"Option values","Valori Opțiune"
"OR","sau"
"Our customer service is available 24/7. Call us at (555) 555-0123.","Serviciul clienți este disponibil 24/7. Sunați-ne la (555) 555-0123."
"Out of Stock","Epuizat din stoc"
"Out of stock","Stoc epuizat"
"Page Title Separator","Separator Titlu Pagină"
"Parent Category","Categorie de bază"
"Parent category is equal to child category.","Parent category is equal to child category."
"Parent category was not found.","Parent category was not found."
"Pending","în așteptare"
"Pending Reviews RSS","RSS Recenzii produs"
"Percentage","Procentaj"
"per page","pe pagină"
"Please add rows to option.","Adăugați rânduri la opțiune."
"Please be careful as once you click on the row it will load package data form the selected file and all unsaved form data will be lost.","Aveți grijă deoarece atunci când faceți click pe rând se vor încărca datele pachetului din fișierul selectat și toate datele nesalvate din formular vor fi pierdute."
"Please click on the Close Window button if it is not closed automatically.","Faceți click pe butonul Închidere Fereastră dacă nu se închide automat."
"Please refresh ""Catalog URL Rewrites"" and ""Product Attributes"" in System -&gt; <a href=""%s"">Index Management</a>","Reîmprospătați ""Rescrieri URL Catalog"" și ""Atribute Produs"" în Sistem -&gt; <a href=""%s"">Gestionare Indecși</a>"
"Please refresh ""Product Attributes"" in System -&gt; <a href=""%s"">Index Management</a>","Reîmprospătați ""Atribute Produs"" în Sistem -&gt; <a href=""%s"">Gestionare Indecși</a>"
"Please select a file for the required option ""%s"".","Please select a file for the required option ""%s""."
"Please select a parent category before adding a new one.","Please select a parent category before adding a new one."
"Please select a static block ...","Selectați un bloc static ..."
"Please select items.","Vă rugăm să selectaţi elementele."
"Please select one or more attributes.","Selectați unul sau mai multe atribute."
"Please select product(s).","Selectați produs(e)"
"Please select products for attributes update","Selectați produse pentru actualizare atribute"
"Please set up merge date/time","Setați îmbinarea dată/timp"
"Please set up merge date/time later then present date","Setați îmbinarea dată/timp mai târziu decât data curentă"
"Please specify date required option(s).","Specificați opțiunile de dată specificate."
"Please specify date required option <em>%s</em>.","Vă rugăm să specificați opțiunea de dată necesară <em>%s</em>."
"Please specify the number of products, that will not be divided into subintervals.","Specificați numărul de produse care nu vor fi divizate în subintervale."
"Please specify the product's option(s).","Vă rugăm să specificați opțiunea/opțiunile produsului."
"Please specify the product's required option(s).","Vă rugăm să specificați opțiunea (opțiunile) necesară(e) a produsului."
"Please specify the product required option(s)","Specificați opțiunea(ile) necesare pentru produs"
"Please specify the product required option(s).","Specificați opțiunea(ile) necesare pentru produs."
"Please specify the product required option <em>%s</em>.","Vă rugăm să specificați opțiunea de produs necesară <em>%s</em>."
"Please specify the quantity of product(s).","Specificați cantitatea produsului(elor)."
"Please specify time required option(s).","Specificați opțiunile de oră specificate."
"Please specify time required option <em>%s</em>.","Vă rugăm să specificați opțiunea de timp necesar <em>%s</em>."
"Please wait...","Vă rugăm așteptați..."
"PM","MP"
"Position","Poziție"
"Position in Layered Navigation","Poziție în navigarea stratificată"
"Position of attribute in layered navigation block","Poziția atributului în blocul de navigație stratificată"
"Prev","Previzualizare"
"Previous","Anterior"
"Price","Preț"
"Price:","Preț:"
"Price: %s","Preț: %s"
"Price is not available","Preț indisponibil"
"Price Navigation Step Calculation","Calculare treaptă navigare preț"
"Price Type","Tip preț"
"Price values for options should be specified in system base currency.","Valorile prețului trebuie specificate în valuta de bază a sistemului."
"Product","Proodus"
"Product Alerts","Alerte produs"
"Product API","API Produs"
"Product Attribute","Atribut Produs"
"Product Attributes","Atribute produs"
"Product attributes API","API atribute produs"
"Product attribute sets API","API Set Atribute Produs"
"Product Categories","Categorii produse"
"Product collection expected.","Colecție produs așteptată."
"Product Description","Informații Produs"
"Product Extra Info","Informații Extra Produs"
"Product Flat Data","Plan informații produs"
"Product ID","ID Produs"
"Product Image","Imagine Produs"
"Product Image Placeholders","înlocuitori Imagine Produs"
"Product Images","Imagini Produs"
"Product Images API","API Imagini Produs"
"Product Image Watermarks","Suprapuneri imagini produs"
"Product Info Column","Coloană Info Produs"
"Product Information","Informații Produs"
"Product In Websites","Produsul în website-uri"
"Product is not loaded","Produsul nu este încărcat"
"Product Link Block Template","șablon bloc link produs"
"Product Link Inline Template","șablon inline link produs"
"Product links API (related, cross sells, up sells)","API legături produs (asociat, vânzări încrucișate, vânzări îmbunătățite)"
"Product Listing Sort by","Ordonare Produse după"
"Product Name","Numele produsului"
"Product Prices","Prețuri Produse"
"Product Reviews","Recenzii Produs"
"Products","Produse"
"products","Produse"
"Products Comparison List","Listă comparare produse"
"Products Information","Informații produse"
"Products only","Doar produse"
"Products per Page on Grid Allowed Values","Produse pe Pagină în Grila de Valori Permise"
"Products per Page on Grid Default Value","Produse pe Pagină în Grila de Valori Implicite"
"Products per Page on List Allowed Values","Produse pe Pagină în Lista de Valori Permise"
"Products per Page on List Default Value","Produse pe Pagină în Lista de Valori Implicite"
"Products Reviews","Recenzii Produse"
"Products Sitemap","Harta site Produse"
"Product Tags","Etichete Produs"
"Product Tier Price API","API Nivel Preț Produs"
"Product Type","Tip Produs"
"Product types API","API tipuri produs"
"Product URL Suffix","Sufix URL Produs"
"Product View Extra Hint","Sugestie Suplimentară Vizualizare Produs"
"Product with this combination of attributes already associated to configurable.","Un produs cu această combinație de atribute este deja asociat ca și configurabil."
"Properties","Proprietăți"
"px.","px"
"Qty","Cantitate"
"Qty:","Cant:"
"Qty for Item's Status to Become Out of Stock","Cant. la care Statusul Articolului Devine Stoc Epuizat"
"Qty Increments","Creșteri cantitate"
"Qty Uses Decimals","Cantitatea folosește zecimale"
"Quantity","Cantitate"
"Quick Create","Creare Rapidă"
"Quick Overview","Prezentare Rapidă"
"Quick simple product creation","Creare rapidă produs simplu"
"Records for ""%s"" store found.","""%s"" înregistrări găsite pentru magazin."
"Redirect","Redirecționare"
"Redirect URL","Redirecționează URL"
"Regular Price:","Preț Obișnuit:"
"Related Products","Produse asociate"
"Remove","Ștergeți"
"Remove attribute from attribute set","Eliminare atribut din set atribute"
"Remove attribute set","Eliminare set atribute"
"Remove custom option","Eliminare opțiune personalizată"
"Remove group from attribute set","Eliminare grup de la set atribute"
"Remove option","Eliminare opțiune"
"Remove product assignment","Eliminare atribuire produs"
"Remove Product From Websites","ștergeți produs din website-uri"
"Remove product image","Eliminare imagine produs"
"Remove product link","Eliminare legătură produs"
"Remove This Item","Ștergeți acest articol"
"Remove value from custom option","Eliminare valoare de la opțiune personalizată"
"Rename existing group","Redenumire grup existent"
"Rename group","Redenumire grup"
"Reorganize EAV category structure to flat structure","Reorganizați structura categoriei EAV pentru planul de structură"
"Reorganize EAV product structure to flat structure","Reorganizați structura produsului EAV pentru planul de structură"
"Reset","Resetați"
"Results","Rezultate"
"Results per page","Rezultate pe pagină"
"Retrieve attribute data","Recuperare date atribut"
"Retrieve attribute list","Recuperare listă atribute"
"Retrieve attribute options","Recuperare opțiuni atribut"
"Retrieve categories tree","Recuperare arbore categorii"
"Retrieve category attributes","Recuperare atribute categorii"
"Retrieve category data","Recuperare date categorie"
"Retrieve hierarchical tree","Recuperare arbore ierarhic"
"Retrieve linked products","Recuperare produse legate"
"Retrieve list of assigned products","Recuperare listă produse atribuite"
"Retrieve list of option values","Recuperare listă valori opțiune"
"Retrieve list of product custom options","Recuperare listă opțiuni personalizate produs"
"Retrieve one level of categories by website/store view/parent category","Recuperare un nivel de categorii dupa categorie site/vitrină/părinte"
"Retrieve option value info","Recuperare informații valoare opțiune"
"Retrieve product","Recuperare produs"
"Retrieve product attribute sets","Recuperare seturi atribute produs"
"Retrieve product image","Recuperare imagine produs"
"Retrieve product image list","Recuperare listă imagini produs"
"Retrieve product image types","Recuperare tipuri imagini produs"
"Retrieve product link type attributes","Recuperare atribute tip legătură produs"
"Retrieve product link types","Recuperare tipuri legături produs"
"Retrieve products data","Recuperare date produs"
"Retrieve products list by filters","Recuperare listă produse după filtre"
"Retrieve product tier prices","Recuperare nivele prețuri produs"
"Retrieve product types","Recuperare tipuri produs"
"Reviews","Comentarii"
"Roll Over for preview","Treceți cu mouse-ul pentru previzualizare"
"Root","Bază"
"Save","Salvați"
"save","salvare"
"Save and Continue Edit","Salvați și continuați editarea"
"Save Attribute","Salvați atribut"
"Save Attribute Set","Salvare Set Atribute"
"Save Category","Salvare Categorie"
"Saved %d record(s)","%d înregistrări salvate."
"Save Search","Salvare căutare"
"Scope","Domeniu"
"Scope must not be changed, because the attribute is used in configurable products.","Acoperirea nu trebuie schimbată, deoarece atributul e folosit în produse configurabile."
"Search","Căutare"
"Searchable","Căutat"
"Search Engine Optimizations","Optimizări Motoare Căutare"
"Search Information","Informații căutare"
"Search Query","Interogare de căutare"
"Search Term with such search query already exists.","Termenul de Căutare cu această interogare de căutare există deja."
"Search Weight","Căutați greutate"
"See price before order confirmation.","Vizualizare preț înaintea confirmării comenzii."
"select all","selectare toate"
"Select Category...","Selectați Categorie..."
"Select Configurable Attributes ","Selectare Atribute Configurabile "
"Selected Product Types","Selectare Tipuri Produs"
"Select Product...","Selectați Produs..."
"Select type of option","Selectare tip opțiune"
"Select type options required values rows.","Selectați tipuri opțiuni solicitate pentru rândurile indicatoare de valoare."
"Send Count","Timiteți contor"
"Set/Get current store view","Setare/Obținere vitrina curentă"
"Set Ascending Direction","Setați ascendent"
"Set Descending Direction","Setați descendent"
"Set Name","Setare Nume"
"Set Root Category for Store","Setare Categorie Rădăcină pentru Magazin"
"Set root category for this store in the <a href=""%s"">configuration</a>","Setare categorie rădăcină pentru acest magazin în <a href=""%s"">configurație</a>"
"Set special price","Setare preț special"
"Settings","Setări"
"Share Facebook","Distribuie pe Facebook"
"Share on Facebook","Distribuie pe Facebook"
"Share on Twitter","Partajare pe Twitter"
"Shop By","Filtrați"
"Shopping Options","Opțiuni pentru cumpărături"
"Show","Arată"
"Show Details","Arătare Detalii"
"Show Tags","Arătare Etichete"
"Simple Product","Produs Simplu"
"Site Map","Harta site-ului."
"Sitemap","Harta site-ului"
"Skip import row, is not valid value ""%s"" for field ""%s""","Sărire rând importat, valoare invalidă ""%s"" pentru câmpul ""%s"""
"Skip import row, required field ""%s"" for the new customer is not defined.","Sărire rând importat, câmpul necesar ""%s"" pentru client nou nu e definit."
"Skip import row, the value ""%s"" is invalid for field ""%s""","Sărire rând importat, valoarea ""%s"" e invalidă pentru câmpul ""%s"""
"Skipping import row, required field ""%s"" for new products is not defined.","Sărire rând importat, câmpul necesar ""%s"" pentru produse noi nu e definit."
"Skipping import row, required field ""%s"" is not defined.","Sărire rând importat, câmpul necesar ""%s"" nu e definit."
"Skipping import row, store ""%s"" field does not exist.","Sărire rând importat, câmpul de magazin ""%s"" nu există."
"Skipping import row, the value ""%s"" is not valid for the ""%s"" field.","Sărire rând importat, valoarea ""%s"" nu e validă pentru câmpul ""%s""."
"SKU","Unitate de înmagazinare"
"SKU length should be %s characters maximum.","Lungime COD trebuie să fie maxim %s caractere."
"Small Image Width","Lățime Imagine Mică"
"Some of the processed products have no SKU value defined. Please fill it prior to performing operations on these products.","Unele dintre produsele procesate nu au valoare COD definită. Completați codul înaintea executării operațiilor pe aceste produse."
"Some of the selected item options are not currently available.","Unele din opțiunile de articol selectate nu sunt disponibile momentan."
"Sort By","Sortați după"
"Sort Order","sortați comanda"
"Source Model","Model Sursă"
"Special Expires On: %s","Special Expiră La: %s"
"Special Price:","Preț Special:"
"Special Price: %s","Preț Special: %s"
"Starting at:","Începând de la:"
"Static","Static"
"Static block and products","Bloc static și produse"
"Static block only","Doar bloc static"
"Status","Statut"
"Stock Availability","Disponibilitate stoc"
"Store","Magazin"
"Store View","Vizualizare magazin"
"Stretch","extindeți"
"Subscribe to RSS Feed","Abonare la notificări RSS"
"Super product attributes configuration","Configurare atribute super produs"
"Synonym For","Sinonim Cu"
"System Properties","Proprietăți sistem"
"Tag Name","Nume Etichetă"
"Tax","Taxe"
"Template","șablon"
"Text","Text"
"The attribute code '%s' is reserved by system. Please try another attribute code","Codul de atribut '%s' este rezervat de sistem. Încercați un alt cod de atribut."
"The attribute model is not defined","Modelul atribut nu e definit."
"The attribute set has been saved.","Setul de atribute a fost salvat."
"The base directory to upload file is not specified.","Directorul de bază pentru încărcare fișiere nu e specificat."
"The category has been deleted.","Categoria a fost ștearsă."
"The category has been saved.","Categoria a fost salvată."
"The comparison list was cleared.","Listă comparație curățată."
"The file '%s' for '%s' has an invalid extension","Fișierul '%s' pentru '%s' are o extensie invalidă"
"The file '%s' you uploaded is larger than %s Megabytes allowed by server","Fișierul '%s' încărcat e mai mare de %s Megabytes permiși de server"
"The file was only partially uploaded. Please try again.","The file was only partially uploaded. Please try again."
"The file you uploaded is larger than %s Megabytes allowed by server","Fișierul încărcat e mai mare de %s Megabytes permiși de server."
"The filters must be an array.","Filtrele trebuie să fie matrice."
"The Flat Catalog module has a limit of %2\$d filterable and/or sortable attributes. Currently there are %1\$d of them. Please reduce the number of filterable/sortable attributes in order to use this module","Modulul Catalog Flat are o limită de %2\$d atribute filtrabile și/sau sortabile. În prezent, există %1\$d dintre ele. Vă rugăm să reduceți numărul de atribute filtrabile/sortabile pentru a utiliza acest modul"
"The From Date value should be less than or equal to the To Date value.","Valoarea Data De La trebuie să fie mai mică sau egală cu valoarea Data Pînă La"
"The image contents is not valid base64 data.","Conținutul imaginii nu reprezintă date valide baza64."
"The image is not specified.","Imaginea nu e specificată."
"The model collection resource name is not defined.","Numele resursei colecției model nu e definit."
"The product %s has been added to comparison list.","Produsul %s a fost adăugat la lista de comparație."
"The product %s has been removed from comparison list.","Produsul %s a fost eliminat din lista de comparație."
"The product attribute has been deleted.","Atributul de produs a fost șters."
"The product attribute has been saved.","Atributul de produs a fost salvat."
"The product has been created.","Produsul a fost creat."
"The product has been deleted.","Produsul a fost șters."
"The product has been duplicated.","Produsul a fost duplicat."
"The product has been saved.","Produsul a fost salvat."
"The product has required options","Produsul are opțiunile necesare"
"There are no %s available.","Nu există %s disponibile."
"There are no customers for this alert","Nu există clienți pentru această alertă"
"There are no customers for this alert.","Nu există clienți pentru această alertă."
"There are no products matching the selection.","Nu există produse conform criteriilor selectate."
"The review has been deleted","Recenzia a fost ștearsă"
"The review has been saved.","Recenzia a fost creată."
"The review was removed by another user or does not exist.","Recenzia a fost ștearsă de către un alt utilizator sau nu există."
"There was an error while request processing.","A fost o eroare la procesarea cererii."
"The search was deleted.","Căutarea a fost ștearsă."
"The text is too long","Textul e prea lung"
"This attribute cannot be deleted.","Acest atribut nu poate fi șters."
"This attribute cannot be edited.","Acest atribut nu poate fi editat."
"This attribute cannot be updated.","Acest atribut nu poate fi actualizat."
"This attribute is used in configurable products.","Acest atribut este folosit la produsele configurabile."
"This attribute is used in configurable products. You cannot remove it from the attribute set.","Acest atribut este folosit la produse configurabile. Nu îl puteți șterge din setul de atribute."
"This Attribute no longer exists","Acest Atribut nu mai există"
"This attribute no longer exists","Atributul nu mai există"
"This attribute set no longer exists.","Acest set de atribute nu mai există."
"This category no longer exists.","This category no longer exists."
"This is a required option","Această opțiune e obligatorie"
"This product no longer exists.","Acest produs nu mai există."
"This search no longer exists.","Această căutare nu mai există."
"This setting will be applied when all prices in the specific price interval are equal.","Această setare va fi pusă în aplicare atunci când toate prețurile dintr-un interval specific de preț sunt egale."
"Thumbnail","Thumbnail"
"Tier Pricing","Preț diferențiat"
"Tile","Dală"
"Time Format","Format dată"
"Title","Titlu"
"Top/Left","Sus/Stânga"
"Top/Right","Sus/Dreapta"
"To reindex the enabled product(s), the store or product must be specified","Pentru a reindexa produsul(ele) activat(e), magazinul sau produsul trebuie specificat."
"To see product price, add this item to your cart. You can always remove it later.","Pentru a vizualiza prețul produsului, adăugați-l în coșul dvs. Puteți să îl eliminați mai târziu."
"Total incl. Tax: %1$s","Total cu Taxe: %1$s"
"Total of %d record(s) have been deleted.","Un total de %d înregistrări au fost șterse."
"Total of %d record(s) have been updated.","Un total de %d înregistrări au fost actualizate."
"Total of %d record(s) were updated","Un total de %d înregistrări au fost actualizate"
"Total Qty Base Items","Total Cant Articole de Bază"
"Total Qty Content Items","Cant Totală Articole Conținut"
"Type","Tip"
"Unable to complete this request.","Nu se poate finaliza cererea."
"Unable to find an attribute to delete.","Nu se poate găsi atributul de șters."
"Unable to find a search term to delete.","Nu se poate găsi termenul de căutare de șters."
"Unable to get the product ID.","Nu se poate obține ID produs."
"Unassigned Attributes","Atribute nealocate"
"Unknown attribute: %s.","Atribut necunoscut: %s"
"Unknown EAV indexer type ""%s"".","Tip indexor EAV necunoscut ""%s""."
"unselect all","Deselectați toate"
"Unsupported product type ""%s"".","Tip produs nesuportat ""%s""."
"Up-sells","Up-selling"
"Update","Actualizare"
"Update assigned product","Actualizare produs atribuit"
"Update attribute","Actualizare atribut"
"Update Attributes","Actualizați atribute"
"Update attributes","Actualizare atribute"
"Update category","Actualizare categorie"
"Update custom option of product","Actualizare opțiune personalizată produs"
"Update product","Actualizare produs"
"Update product image","Actualizare imagine produs"
"Update product link","Actualizare legătură produs"
"Update product tier prices","Actualizare nivel preț produs"
"Update Tier Price","Actualizare Nivel Preț"
"Update value of custom option","Actualizare valoare opțiune personalizată"
"Upload new product image ","Încărcare imagine produs nouă "
"URL Rewrite Management","Gestionare Rescriere URL"
"Use Canonical Link Meta Tag For Categories","Utilizați Meta Etichetă Link Canonic prentru Categorii"
"Use Canonical Link Meta Tag For Products","Utilizați Meta Etichetă Link Canonic prentru Produse"
"Use Categories Path for Product URLs","Utilizare Cale Categorie pentru URL-uri Produse"
"Use config","Folosește configurație"
"Use Config Settings","Folosiți setări de configurare"
"Use default","Folosire implicit"
"Use Default Value","Folosiți valoare implicită"
"Used for Sorting in Product Listing","Folosit pentru sortare în listarea produselor"
"Used in Product Listing","Folosit în listarea produsului"
"Use Flat Catalog Category","Utilizați Plan Categorie Catalog"
"Use Flat Catalog Product","Utilizați Plan Produs Catalog"
"Use for Promo Rule Conditions","Folosiți pentru condițiile regulii de reclamă"
"Use four-digit year format.","Utilizare format an de patru cifre."
"Use in Advanced Search","Utilizare în Căutarea Avansată"
"Use In Layered Navigation","Utilizare în Navigația Stratificată"
"Use in Layered Navigation","Folosiți la navigarea stratificată"
"Use in Layered Navigation<br/>(Can be used only with catalog input type 'Dropdown')","Utilizare în Navigația Stratificată<br/>(se poate folosi doar cu tipul 'Dropdown')"
"Use in Quick Search","Utilizare în Căutarea Rapidă"
"Use In Search Results Layered Navigation","Utilizare în Rezultate Căutare Navigație Stratificată"
"Use JavaScript Calendar","Utilizați Calendar JavaScript"
"Use Static URLs for Media Content in WYSIWYG for Catalog","Utilizare URL-uri Statice pentru Conținutul Media în WYSIWYG pentru Catalog"
"Use To Create Configurable Product","Utilizare la Creare Produs Configurabil"
"Use Tree Like Category Sitemap","Utilizare Hartă Site Categorie tip Arbore"
"Value for ""%s"" is invalid.","Valoarea pentru ""%s"" e invalidă."
"Value for ""%s"" is invalid: %s","Valoarea pentru ""%s"" e invalidă: %s"
"Varchar","Varchar"
"View All Products","View All Products"
"View as","Vizualizează ca"
"View Details","Vezi Detalii"
"View image %s","View image %s"
"Virtual Product","Produs Virtual"
"Visibility","Vizibilitate"
"Visible","Vizibil"
"Visible on Catalog Pages on Front-end","Vizibil în Pagini Catalog pe Front-end"
"Visible on Product View Page on Front-end","Vizibil în Pagina Vizualizare Produs pe Front-end"
"Watermark","Filigrană"
"Watermark Default Size","Dimensiune Implicită Watermark"
"Watermark Opacity, Percent","Opacitate Watermark, Procente"
"Watermark Position","Poziție Watermark"
"We Also Recommend","Vă Recomandăm Și"
"Website","Site"
"Website Item Must be checked","Articolul Magazin trebuie bifat"
"Websites","Website-uri"
"Website Store Must be checked","Vitrina trebuie bifată"
"What's this?","Ce este aceasta?"
"When enabled, associated products are automatically recalculated when reindex runs.","When enabled, associated products are automatically recalculated when reindex runs."
"Whether to show ""All"" option in the ""Show X Per Page"" dropdown.","Dacă să fie afișată sau nu opțiunea ""Toate"" în dropdown-ul ""Afișare X Per Pagină""."
"Will make search for the query above return results for this search.","Va face căutarea pentru interogarea de mai sus să returneze rezultate pentru această căutare."
"Wrong BuyRequest instance in options group.","Instanță BuyRequest greșită în grup opțiuni."
"Wrong configuration item instance in options group.","Instanță articol configurare greșită în grup opțiuni."
"Wrong configuration item option instance in options group.","Instanță opțiune articol configurare greșită în grup opțiuni."
"Wrong option instance type in options group.","Tip instanță opțiune greșit în grup opțiuni."
"Wrong option type to get group instance.","Tip opțiune greșit pentru obținerea instanței de grup."
"Wrong product instance type in options group.","Tip instanță produs greșit în grup opțiuni."
"Wrong product type filter specified","Filtru tip produs specificat greșit"
"Wrong product type to extract configurable options.","Tip produs greșit pentru extragerea opțiunilor configurabile."
"WYSIWYG Editor","Editor WYSIWYG"
"x","x"
"Year Range","Interval Ani"
"Yes","Da"
"You have no items to compare.","Nu există produse adăugate pentru comparare."
"You may also be interested in the following product(s)","S-ar putea să fiți interesat și de următoarele produse:"
"You saved the search term.","Ați salvat termenul de căutare."
"Zoom In","Mărire"
"Zoom Out","Micșorare"
