"# of Use","Anzahl der Verwendungen"
"%1$s incl tax.","%1$s inkl. Steuern."
"%s - %s","%s - %s"
"%s-%s of %s","%s-%s von %s"
"%s and above","%s und höher "
"%s Item(s)","%s Artikel"
"(%d)","(%d)"
"(Copy data from: %s)","(Kopiere Daten von: %s)"
"* Required Fields","* Pflichtfelder"
"-- Please Select --","-- Bitte wählen --"
"86400 by default, if not set. To refresh instantly, Clear the Blocks HTML Output Cache.","86400 als Standard, falls nicht gesetzt. Um die Instanz zu aktualisieren, deaktivieren Sie den Cache für die Ausgabe von HTML-Blöcken."
"<strong style=""color:red"">Warning!</strong> Applying MAP by default will hide all product prices on the frontend.","<strong style=""color:red"">Warnung:</strong> Die standardmäßige Anwendung der UVP wird alle Artikelpreise im Shop verstecken!"
"Action","Aktion"
"Actual Price","Tatsächlicher Preis"
"Add","Hinzufügen"
"Add Attribute","Attribut hinzufügen"
"Add attribute into attribute set","Attribut zu Attributset hinzufügen"
"Add Design Change","Designänderung hinzufügen"
"Add Group","Gruppe hinzufügen"
"Add group into attribute set","Gruppe zu Attributset hinzufügen"
"Add Group Price","Preis je Kundengruppe hinzufügen"
"Additional Information","Zusatzinformation"
"Additional Views","Additional Views"
"Add New","Neu"
"Add New Attribute","Neues Attribut"
"Add New Attribute Set","Neues Attribut-Set hinzufügen"
"Add new custom option into product","Individualisierungsoption zu Artikel hinzufügen"
"Add New Group","Neue Gruppe"
"Add New Images","Neue Bilder hinzufügen"
"Add New Option","Neue Option hinzufügen"
"Add New Row","Neue Zeile einfügen"
"Add New Search Term","Neuen Suchbegriff hinzufügen"
"Add New Set","Neues Set"
"Add new values into custom option","Neue Werte zu Individualisierungsoption hinzufügen"
"Add option","Neue Option"
"Add Product","Neuer Artikel"
"Add Product To Websites","Produkt zu Webseiten hinzufügen"
"Add Root Category","Neue Haupt-Kategorie"
"Add Subcategory","Neue Unterkategorie"
"Add Tax","Gesamt inkl. Steuern"
"Add Tier","Preisstaffel hinzufügen"
"Add to Cart","In den Warenkorb"
"Add to Compare","Zur Vergleichsliste hinzufügen"
"Add to Wishlist","Zur Wunschliste hinzufügen"
"A group with the same name already exists.","Eine Gruppe mit dem selben Namen existiert bereits."
"Alert Urls","Alarm Urls"
"All","Alle"
"ALL GROUPS","ALLE GRUPPEN"
"Allow All Products per Page","Erlaube alle Artikel pro Seite"
"Allow Dynamic Media URLs in Products and Categories","Erlaube dynamische Media-URLs bei Artikel und Kategorien"
"Allowed File Extensions","Erlaubte Dateierweiterungen"
"Allowed file extensions to upload","Erlaubte Dateierweiterungen zum hochladen"
"Allow HTML Tags on Frontend","HTML-Tags im Frontend erlauben"
"All products","Alle Artikel"
"All products - recently added products, New products - products marked as new","Alle Produkte - kürzlich hinzugefügt Produkte, neue Produkte - als neu markierte Produkte"
"All products of this set will be deleted! Type ""confirm"" to proceed.","All products of this set will be deleted! Type ""confirm"" to proceed."
"All Product Types","Alle Produkttypen"
"All Websites","Alle Webseiten"
"AM","Vormittags (a.m.)"
"Amount","Betrag"
"A name is required","Ein Name wird benötigt"
"Anchor Custom Text","Individueller Anker Text"
"Anchor Custom Title","Individueller Link-Text"
"and","und"
"and above","und höher"
"An error occurred while adding products to websites.","Ein Fehler ist beim Zuweisen von Artikeln zu einer Website."
"An error occurred while clearing comparison list.","Ein Fehler ist beim Leeren der Vergleichsliste aufgetreten."
"An error occurred while deleting this review.","Beim Löschen dieser Kundenrezension ist ein Fehler aufgetreten."
"An error occurred while removing products from websites.","Ein Fehler ist beim Löschen von Artikeln von einer Website aufgetreten."
"An error occurred while saving the attribute set.","Beim Speichern des Attribut-Sets ist ein Fehler aufgetreten."
"An error occurred while saving the collection, aborting. Error message: %s","Fehler beim Speichern der Collection: %s"
"An error occurred while saving the product. ","Ein Fehler ist beim Speichern des Artikels aufgetreten. "
"An error occurred while saving the search query.","Beim Speichern der Suchanfrage ist ein Fehler aufgetreten."
"An error occurred while saving the URL rewrite","Ein Fehler ist beim Speichern des URL-Rewrites aufgetreten"
"An error occurred while saving this review.","Beim Speichern dieser Kundenrezension ist ein Fehler aufgetreten."
"An error occurred while updating the product(s) attributes.","Beim Aktualisieren der Artikel-Attribute ist ein Fehler aufgetreten."
"An error occurred while updating the product(s) status.","Beim Aktualisieren des Artikel-Status ist ein Fehler aufgetreten."
"An invalid group ID is specified, skipping the record.","Eine ungültige Gruppen-ID ist hinterlegt, Eintrag übersprungen."
"An invalid option ID is specified for %s (%s), skipping the record.","Eine ungültige Option-ID wurde für %s (%s) angegeben. Eintrag wird übersprungen."
"An invalid store was specified.","Ein ungültiger Store ist festgelegt."
"Applicable to catalog products and categories only. Any media content will be inserted into editor as a static URL. It is not updated if the system configuration base URL changes.","Nur anwendbar auf Katalogartikel und Kategorien. Jeder Medien-Inhalt wird über den Editor als statische URL eingefügt. Diese wird nicht aktualisiert wenn in der Systemkonfiguration die BasisURL verändert wird."
"Apply MAP (Default Value)","UVP anwenden (Standardwert)"
"Apply To","Anwenden auf"
"Approved","Freigegeben"
"A product type is not defined for the indexer.","Eine Artikelart ist noch nicht definiert für den Indexer."
"Are you sure?","Sind Sie sicher?"
"Are you sure you want to delete this category?","Sind Sie sicher, dass Sie diese Kategorie löschen möchten?"
"Are you sure you would like to remove all products from your comparison?","Sind Sie sicher, dass Sie alle Artikel von der Vergleichsliste entfernen wollen?"
"Are you sure you would like to remove this item from the compare products?","Sind Sie sicher, dass Sie dieses Artikel von der Vergleichsliste entfernen wollen?"
"As low as:","ab:"
"Assign","Zuordnen"
"Assigned Products","Zugewiesene Artikel"
"Assign product link","Artikellink zuweisen"
"Assign product to category","Artikel der Kategorie zuweisen"
"Associated Products","Verknüpfte Produkte"
"Attrib. Set Name","Attributsetname"
"Attribute ""%s"" is invalid.","Attribut ""%s"" ist ungültig."
"Attribute ""%s"" is required.","Attribut ""%s"" ist ein Pflichtfeld."
"Attribute add","Attribut hinzufügen"
"Attribute code is invalid. Please use only letters (a-z), numbers (0-9) or underscore(_) in this field, first character should be a letter. Do not use ""event"" for an attribute code.","Attributcode ist ungültig. Bitte verwenden Sie nur Buchstaben (a-z), Zahlen (0-9) oder Unterstrich (_) in diesem Feld, der erste Charakter sollte ein Buchstabe sein. Verwenden Sie nicht ""Ereignis"" für einen Attributcode."
"Attribute code is invalid. Please use only letters (a-z), numbers (0-9) or underscore(_) in this field, first character should be a letter. Do not use event"" for an attribute code.""","Attributcode ist ungültig. Bitte verwenden Sie nur Buchstaben (a-z), Zahlen (0-9) oder Unterstrich (_) in diesem Feld, der erste Charakter sollte ein Buchstabe sein. Verwenden Sie nicht ""Ereignis"" für einen Attributcode."
"Attribute Information","Attributinformation"
"Attribute Model","Attributmodell"
"Attribute Name:","Attributname"
"Attribute remove","Attribute entfernen"
"Attributes","Attribute"
"Attribute Set","Attribut-Set"
"Attribute Sets","Attribut-Sets"
"Attribute with the same code already exists","Attribut mit diesem Code existiert bereits"
"Attrribute names can be specified per store.","Attributnamen können pro Store definiert werden."
"Autogenerate","Automatisch erzeugt"
"Availability:","Verfügbarkeit:"
"Back","Zurück"
"Backend Model","Backend-Model"
"Backend Table","Backendtabelle"
"Backend Table Title","Backendtabellen-Titel"
"Backorders","Rückstand"
"Based On","Bitte bestätigen Sie, dass Sie die Seite wechseln möchten. Dadurch gehen alle nicht gespeicherten Informationen verloren!"
"Base Image Width","Detailbildbreite"
"Before Order Confirmation","Vor der Bestätigung der Bestellung"
"Best Value","Position"
"Block after Info Column","Block nach der Info-Spalte"
"Bottom/Left","Unten/Links"
"Bottom/Right","Unten/Rechts"
"Bottom Block Options Wrapper","Unterer Options-Block Container"
"Browse By","Durchsuchen nach"
"Bundle Items","Bündel-Artikel"
"Buy %1$s","Kaufe %1$s"
"Buy %1$s for","Kaufen Sie %1$s zum Preis von "
"Buy %1$s for %2$s","Kaufen Sie %1$s zum Preis von %2$s"
"Buy %1$s for %2$s (%3$s incl. tax) each","Kaufen Sie %1$s zum Preis von je %2$s (%3$s inkl. Steuern)"
"Buy %1$s for %2$s each","Kaufen Sie %1$s zum Preis von je %2$s"
"Cache Lifetime (Seconds)","Cache-Lebensdauer (in Sekunden)"
"Cache refresh needed.","Cache Aktualisierung nötig."
"Can't create image.","Kann kein Bild erstellen."
"Can't delete root category.","Can't delete root category."
"Can be Divided into Multiple Boxes for Shipping","Kann für den Versand in mehrere Pakete aufgeteilt werden"
"Can be used only with catalog input type Dropdown","Kann nur mit Dropdown-Feldern verwendet werden"
"Can be used only with catalog input type Dropdown, Multiple Select and Price","Kann nur mit Dropdown-, Mehrfachauswahl- und Preis-Feldern verwendet werden."
"Cancel","Stornieren"
"Cannot create image.","Bild kann nicht erstellt werden."
"Cannot create writeable directory '%s'.","Verzeichnis '%s' mit Schreibrechten konnte nicht erstellt werden."
"Cannot delete group. Please move configurable attributes to another group and try again.","Cannot delete group. Please move configurable attributes to another group and try again."
"Cannot unassign configurable attribute","Cannot unassign configurable attribute"
"Cart Item Attribute","Warenkorb-Artikelattribut"
"Catalog","Katalog"
"Catalog, Search","Katalog, Suche"
"Catalog Category (Anchor)","Katalogkategorie (Anker)"
"Catalog Category (Non-Anchor)","Katalogkategorie (Kein-Anker)"
"Catalog Category (Without Subcategories)","Katalogkategorie (Ohne Unterkategorien)"
"Catalog Category Link","Katalogkategorie Link"
"Catalog New Products List","Liste von neuen Katalogprodukten"
"Catalog Price Scope","Gültigkeitsbereich des Katalogpreises"
"Catalog Product Compare List","Katalogartikelvergleichsliste"
"Catalog product custom options API","Katalogartikel-Individualisierungsoptionen API"
"Catalog product custom option values API","Katalogartikel-Individualisierungsoptionswerte API"
"Catalog Product Email to a Friend","Artikel per E-Mail an einen Freund"
"Catalog Product Image Gallery Popup","Katalogartikelgalerie-PopUp"
"Catalog Product Link","Katalogartikel Link"
"Catalog Product View (Any)","Katalogartikelansicht (jede)"
"Catalog Product View (Configurable)","Katalogartikelansicht (Konfigurierbare)"
"Catalog Product View (Grouped)","Katalogartikelansicht (Gruppiert)"
"Catalog Product View (Simple)","Katalogartikelansicht (Einfach)"
"Catalog Product View (Virtual)","Katalogartikelansicht (Virtuell)"
"Catalog Seo Sitemap (Category List)","Katalog SEO Sitemap (Kategorie Liste)"
"Catalog Seo Sitemap (Category Tree)","Katalog SEO Sitemap (Kategorie Baum)"
"Catalog Seo Sitemap (Common)","Katalog SEO Sitemap (gemeinsam)"
"Catalog Seo Sitemap (Product List)","Katalog SEO Sitemap (Artikel Liste)"
"Catalog URL Rewrites","Katalog-URL-Rewrites"
"Categories","Kategorien"
"categories","Kategorien"
"Categories Sitemap","Kategorie Sitemap"
"Category","Kategorie"
"Category API","Kategorien-API"
"Category attributes API","Kategorie Attribut-API"
"Category Data","Kategoriedaten"
"Category delete error: %s","Category delete error: %s"
"Category Flat Data","Kategorie-Flat-Daten"
"Category is not dynamic.","Category is not dynamic."
"Category Link Block Template","Kategorielink - Blockvorlage"
"Category Link Inline Template","Kategorie Link - Inline-Vorlage"
"Category move error: %s","Category move error: %s"
"Category must be an instance of Mage_Catalog_Model_Category.","Kategorie muss eine Instanz von Mage_Catalog_Model_Category sein."
"Category not found.","Category not found."
"Category Products","Artikel der Kategorie"
"Category save error: %s","Category save error: %s"
"Category Top Navigation","Kategorie Top-Navigation"
"Category URL Suffix","Kategorie-URL-Suffix"
"Category was not found.","Category was not found."
"Center","Mitte"
"Change","Ändern"
"Change or Retrieve attribute store view","Ändern oder Attribut StoreView abfragen"
"Change status","Status ändern"
"Check items to add to the cart or","Wählen Sie die Artikel aus, die dem Warenkorb hinzugefügt werden sollen, oder"
"Choose an Option...","Wählen Sie eine Option..."
"Clear All","Alles löschen"
"Clear Price","Preis löschen"
"Click for price","Klicken für Preis"
"Close Window","Fenster schließen"
"Collapse All","Alle zuklappen"
"Comma-separated.","Durch Kommata getrennt."
"Comparable","Vergleichbar"
"Comparable on Front-end","Für Vergleichsliste verwenden"
"Comparable on the Frontend","Für Vergleichsliste verwenden"
"Compare","Vergleichen"
"Compare Products","Produkte vergleichen"
"Conditions","Conditions"
"Conditions Combination","Bedingungs-Kombination"
"Configurable Product","Konfigurierbarer Artikel"
"Configurable Product Settings","Einstellungen für konfigurierbaren Artikel"
"Configure Product","Konfiguriere Produkt"
"Continue","Fortsetzen"
"Controls display of Add to Cart and View Details buttons in category pages and product lists. When disabled, only product names and images will be clickable.","Controls display of Add to Cart and View Details buttons in category pages and product lists. When disabled, only product names and images will be clickable."
"Copy From Configurable","Von konfigurierbarem Artikel kopieren"
"Country/State","Land/Bundesland"
"Create","Anlegen"
"Create (Upload)","Erstelle (Hochladen)"
"Create attribute set based on another set","Attributset basierend auf bestehendem Attributset erstellen"
"Create Empty","Leeren Artikel erstellen"
"Create new attribute","Neues Attribut"
"Create new category","Neue Kategorie"
"Create new product","Neuer Artikel"
"Create Permanent Redirect for old URL","Permanente Weiterleitung (301) für die alte URL anlegen"
"Create Permanent Redirect for URLs if URL Key Changed","Permanente Weiterleitung für URLs erzeugen, wenn sich der URL-Schlüssel geändert hat"
"Create Product Settings","Artikeleinstellungen anlegen"
"Create Simple Associated Product","Einfachen, verknüpften Artikel anlegen"
"Cross-sells","Cross-Sells"
"Currently Shopping by:","Filtern nach:"
"Custom Design","Eigenes Design"
"Customer Group","Kundengruppe"
"Customers Reviews","Kunden-Bewertungen"
"Customers Tagged Product","Kunden, die Schlagworte vergeben haben"
"Custom Options","Individualisierungsoptionen"
"Custom options","Individualisierungsoptionen"
"Data Type for Saving in Database","Datentyp in der Datenbank"
"Date & Time Custom Options","Benutzerdefinierte Datums- und Uhrzeit-Optionen"
"Date Fields Order","Reihenfolge der Datum-Felder"
"Date Subscribed","Anmeldedatum"
"Datetime","Datum und Zeit"
"Decimal","Dezimal"
"Declare attribute value saving scope","Bestimme Speicherbereich der Werte des Attributs"
"Default ""What's This"" Text Message","Standard ""Was ist das"" Nachricht"
"Default Popup Text Message","Standard Popup Meldungstext"
"Default Price","Standard-Preis"
"Default Price Navigation Step","Standard-Preisnavigationsschritt"
"Default Qty","Standardmenge"
"Default Values","Standardwerte"
"Defines the base currency scope (""Currency Setup"" > ""Currency Options"" > ""Base Currency"").","Definiert den Gültigkeitsbereich der Basis-Währung (""Einrichten der Währung"" > ""Währungsoptionen"" > ""Basis-Währung"")."
"Delete","Löschen"
"Delete Attribute","Attribut löschen"
"Delete attribute","Attribut löschen"
"Delete Attribute Set","Attributset löschen"
"Delete Category","Kategorie löschen"
"Delete category","Kategorie löschen"
"Delete Group Price","Gruppenpreis löschen"
"Delete Option","Menge:"
"Delete product","Artikel löschen"
"Delete Row","Zeile löschen"
"Delete Search","Suche löschen"
"Delete Selected Group","Ausgewählte Gruppe löschen"
"Delete Tier","Lösche Staffel"
"Depends on design theme","Abhängig von Theme"
"Description","Beschreibung"
"Design","Design"
"Details","Details"
"Disabled","Deaktiviert"
"Disallowed file format.","Nicht zulässiges Dateiformat."
"Disallowed file type.","Nicht erlaubter Datei-Typ."
"Display Actual Price","Tatsächlichen Preis anzeigen"
"Display in Suggested Terms","Anzeigen in Vorgeschlagene Begriffe"
"Display Page Control","Anzahl der Artikel die angezeigt werden sollen"
"Display Price Interval as One Price","Preisintervall als Einzelpreis darstellen"
"Display Product Count","Produkt-Anzahl anzeigen"
"Display Type","Darstellungsart"
"Double click on above image to view full picture","Klicken Sie doppelt auf das obere Bild, um es in voller Größe zu sehen"
"Double click on a group to rename it","Klicken Sie doppelt auf eine Gruppe, um diese umzubenennen"
"Downloadable Information","Downloadinformation"
"Duplicate","Kopieren"
"Duplicate amount found.","Betrag wurde doppelt gefunden."
"Duplicate website, country and state tax found.","Doppelter Eintrag für Website, Bundesland und Land - Steuern gefunden."
"Duplicate website group price customer group.","Doppelter Eintrag für Kundengruppen-Gruppenpreis auf Webseite-Ebene."
"Duplicate website tier price customer group and quantity.","Doppelter Eintrag für Kundengruppen-Staffelpreis und Menge auf Website-Ebene."
"Dynamic category processed successfully.","Dynamic category processed successfully."
"Dynamic Category Rules","Dynamic Category Rules"
"E.g. {{media url=""path/to/image.jpg""}} {{skin url=""path/to/picture.gif""}}. Dynamic directives parsing impacts catalog performance.","Z.B. {{media url=""pfad/zum/bild.jpg""}} {{skin url=""pfad/zum/bild.gif""}}. Dynamische Pfade haben negative Auswirkungen auf die Katalog-Performance."
"each","je"
"Edit","Bearbeiten"
"Edit Attribute Set '%s'","Attributset '%s' bearbeiten"
"Edit Product Attribute","Produkt-Attribut bearbeiten"
"Edit Product Attribute ""%s""","Artikelattribut ""%s"" bearbeiten"
"Edit Search","Suche bearbeiten"
"Edit Search '%s'","Suche '%s' bearbeiten"
"Edit Set Name","Set-Namen bearbeiten"
"Email","E-Mail"
"Email to a Friend","E-Mail an einen Freund"
"Empty","Zeige"
"Enable Add to cart Button in product listings","Enable Add to cart Button in product listings"
"Enabled","Aktiviert"
"Enable for reindexing a big number of SKUs.","Aktivieren, um eine große Anzahl von Artikeln zu reindizieren."
"Enable MAP","UVP aktivieren"
"Enable Qty Increments","Mengenerhöhungen aktivieren"
"Enable WYSIWYG","WYSIWYG aktivieren"
"Error during retrieval of option value: %s","Fehler beim Abfragen des Optionswertes: %s"
"Error loading children: %s","Error loading children: %s"
"ex. http://domain.com","z. B. http://domain.com"
"Exclude","Ausschließen"
"Expand All","Alle aufklappen"
"Failed","Fehlgeschlagen"
"Failed to copy file %s. Please, delete media with non-existing images and try again.","Fehler beim Kopieren der Datei %s. Bitte löschen Sie Medien mit nicht existierenden Bildern und versuchen Sie es erneut."
"Failed to move file: %s","Fehler beim Verschieben der Datei: %s"
"Feature Products","Besonders präsentierte Artikel"
"Field is not complete","Feld ist nicht vollständig"
"File options format is not valid.","Dateioptionen Format ist ungültig."
"File upload failed","Datei Upload fehlgeschlagen"
"Filter","Filtern"
"Filterable (no results)","Filterbar (keine Ergebnisse)"
"Filterable (with results)","Filterbar (mit Ergebnissen)"
"Filter model name must be declared.","Filter Model Name muss angegeben werden."
"Filter must be an object. Please set correct filter.","Filter muss ein Objekt sein. Bitte setzen Sie den korrekten Filter."
"Filters","Filters"
"First Name","Vorname"
"Fixed","Festkosten"
"For internal use.","Zur internen Verwendung."
"For the last time placed.","Bei der letzten Abfrage."
"Frontend","Frontend"
"Frontend Model","Frontend-Model"
"Frontend Properties","Frontendeigenschaften"
"Gallery","Gallerie"
"General Information","Allgemeine Information"
"Get full information about attribute with list of options","Alle verfügbaren Informationen des Attributes inklusive aller Optionen abfragen"
"Get full information about custom option in product","Alle verfügbaren Informationen über Individualisierungsoptionen des Artikels abfragen"
"Get list of available custom option types","Liste aller Typen für Individualisierungsoptionen abfragen"
"Get list of non-default attributes by product type and attributes set","Liste aller nicht-standard Attribute nach Artikeltyp und Attributset abfragen"
"Get list of possible attribute types","Liste aller möglichen Attributtypen abfragen"
"Get special price","Sonderpreis anzeigen"
"Global","Global"
"Globally Editable","Global änderbar"
"Go to Home Page","Zur Startseite"
"Grid","Liste"
"Group add","Gruppe hinzufügen"
"Grouped Product","Gruppen Artikel"
"Group remove","Gruppe entfernen"
"Groups","Gruppen"
"Home","Startseite"
"HTML tags are not allowed in SKU attribute.","HTML-Tags sind in SKU-Attributen nicht erlaubt."
"ID","Id"
"ID: %s","ID: %s"
"If empty, the Category Name will be used","Wenn leer, wird der Kategorie Name verwendet"
"If empty, the Product Name will be used","Wenn leer, wird der Artikelname verwendet"
"If you do not specify an option value for a specific store view then the default (Admin) value will be used.","Wenn Sie keinen Optionswert für eine bestimmte StoreView angeben, wird der Standard (Admin-)wert verwendet."
"Image","Bild"
"Image content is not valid base64 data.","Bildinhalt enthällt keine gültigen base64 Daten."
"Image does not exist.","Bild existiert nicht."
"Image file was not found.","Bild wurde nicht gefunden."
"Image type and information need to be specified for each store view.","Bildtyp und -information muß für jede StoreView separat hinterlegt werden."
"In Cart","Im Warenkorb"
"Incl. Tax","Inkl. MwSt."
"Indexed category/products association","Indizierte Kategorie/Produkte-Zuordnung"
"Index product and categories URL rewrites","Indizierung von Artikel- und Kategorie-URL-Rewrites"
"Index product attributes for layered navigation building","Indizierung von Artikel-Attributen zum Aufbau der Filternavigation"
"Index product prices","Indizierung von Artikel-Preisen"
"Info","Info"
"Info Column Options Wrapper","Optionsbox in Info Spalte"
"Input Type","Eingabetyp"
"In Stock","Auf Lager"
"In stock","Auf Lager"
"Integer","Ganzzahl"
"Internal Error","Internal Error"
"Interval Division Limit","Intervall-Teilungsbeschränkung"
"Invalid attribute %s","Attribut %e ungültig"
"Invalid attribute option specified for attribute %s (%s), skipping the record.","Ungültige Attributoption für Attribut %s (%s) angegeben, Zeile wird übersprungen"
"Invalid attribute set specified, skipping the record.","Ungültiges Attributset angegeben, Eintrag wird übersprungen."
"Invalid block: %s.","Ungültiger Block: %s."
"Invalid category.","Ungültige Kategorie."
"Invalid category IDs.","Ungültige Kategorie IDs."
"Invalid custom option(s).","Ungültige benutzerdefinierte Option(en)."
"Invalid image file type.","Ungültiger Bild Dateityp."
"Invalid image type.","Ungültiger Bildtyp."
"Invalid option ID specified for %s (%s), skipping the record.","Ungültige Option-ID für %s (%s) angegeben, Zeile wird übersprungen."
"Invalid product type specified, skipping the record.","Ungültige Artikelart angegeben, Zeile wird übersprungen."
"Invalid store specified","Ungültiger Store angegeben"
"Invalid store specified, skipping the record.","Ungültiger Store angegeben, Eintrag wird übersprungen."
"Invalid Tier Prices","Ungültige Staffelpreise"
"Invalid tier prices. The product is not associated to the requested website.","Ungültige Staffelpreise. Der Artikel ist der angeforderten Website nicht zugeordnet."
"Inventory","Inventar"
"Is Default","Ist voreingestellt"
"Is Required","Ist erforderlich"
"Items %s to %s of %s total","Artikel %s bis %s von %s gesamt"
"Items that you don't want to show in the catalog or search results should have status 'Disabled' in the desired store.","Artikel, die nicht im Katalog oder der Suche erscheinen sollen, sollten im jeweiligen Store deaktiviert werden."
"Items that you do not want to show in the catalog or search results should have status 'Disabled' in the desired store.","Artikel die nicht im Katalog und in den Suchergebnissen angezeigt werden sollen, sollten den Status 'Inaktiv' im gesamten Store haben."
"Keep your eyes open for our special Back to School items and save A LOT!","Achten Sie auf unsere speziellen Zurück in die Schule Artikel und SPAREN Sie!"
"Label","Bezeichnung"
"Last Name","Nachname"
"Last Notification","Letzter Hinweis"
"Layered Navigation","Filternavigation"
"Learn More","Mehr erfahren"
"leave blank if its not an image","Bitte leer lassen, falls es sich nicht um ein Bild handelt"
"Line %d, Email: %s","Zeile %d, E-Mail: %s"
"Line %d, SKU: %s","Zeile %d, Artikelnummer: %s"
"Link (Related, Up sell, Cross sell)","Link (Ähnliches, Up-Selling, Cross-Selling)"
"Link product does not exist.","Link Artikel existiert nicht."
"Link to a Specified Category","Verlinkung auf eine bestimmte Kategorie"
"Link to a Specified Product","Verlinkung auf einen bestimmten Artikel"
"List","Liste"
"List Mode","Liste"
"List of Products that are set as New","Liste von Artikeln die als neu gekennzeichnet sind"
"List of types","Liste aller Typen"
"Manage Attributes","Verwalte Attribute"
"Manage Attribute Sets","Attribut-Sets verwalten"
"Manage Catalog Categories","Katalogkategorien verwalten"
"Manage Categories","Kategorien verwalten"
"Manage Label / Options","Bezeichnungen/Optionen verwalten"
"Manage Options (values of your attribute)","Verwalten von Optionen (Werte Ihres Attributes)"
"Manage Product Attributes","Produkt-Attribute verwalten"
"Manage Products","Produkte verwalten"
"Manage Product Sets","Produkt-Sets verwalten"
"Manage Stock","Lagerbestand verwalten"
"Manage Titles (Size, Color, etc.)","Verwalten von Titeln (Größe, Farbe usw.)"
"Max Characters","Max Zeichen"
"Maximal Depth","Maximale Tiefe"
"Maximum allowed image size for '%s' is %sx%s px.","Maximal zulässige Bildgröße für '%s' ist %sx%s px."
"Maximum image height","Maximale Bildhöhe"
"Maximum Image Size","Maximale Bildgröße"
"Maximum image width","Maximale Bildbreite"
"Maximum number of characters:","Maximale Anzahl der Zeichen:"
"Maximum Number of Price Intervals","Höchstmenge an Preisschritten"
"Maximum number of price intervals is 100","Höchstmenge an Preisschritten ist 100"
"Maximum Qty Allowed in Shopping Cart","Maximal erlaubte Menge im Warenkorb"
"Maximum resolution for upload image","Maximale Auflösung für Bildupload"
"Maximum width and height dimension for upload image is %s.","Maximale Breite und Höhe für das Hochladen von Bildern ist %s."
"Maximum width and height resolutions for upload image","Maximale Breite und Höhe für das Hochladen von Bildern"
"Maximum width base product image will be scaled down to in pixels","Maximalbreite in Pixeln, auf die das Artikeldetailbild herunterskaliert wird"
"Maximum width small product image will be scaled down to in pixels","Maximalbreite in Pixeln, auf die das Artikelkategoriebild herunterskaliert wird"
"Media Image","Bild"
"Middle Name","Zweiter Vorname"
"Minimum Advertised Price","Unverbindliche Preisempfehlung"
"Minimum Lines per Page","Minimale Zeilenanzahl pro Seite"
"Minimum Qty Allowed in Shopping Cart","Minimal erlaubte Menge im Warenkorb"
"Minimum Qty for Item's Status to be Out of Stock","Stückzahl für Nicht auf Lager-Status"
"Missing SKU, skipping the record.","Fehlende Artikelnummer, Eintrag übersprungen."
"Move","Verschieben"
"Move category in tree","Verschieben der Kategorie in den Baum"
"Multi update product","Artikel Mehrfachaktualisierung"
"Must be in the allowed values list.","Muss in der Liste erlaubter Werte enthalten sein."
"My Account","Mein Konto"
"N/A","Keine Angabe"
"Name","Name"
"Name in %s","Name in %s"
"New Product","Neuer Artikel"
"New Product Attribute","Neues Produkt-Attribut"
"New Products","Neue Produkte"
"New products","Neue Produkte"
"New Products Grid Template","Neue-Artikel-Gittervorlage"
"New Products List Template","Neue-Artikel-Listenvorlage"
"New Root Category","Neue Hauptkategorie"
"New Search","Neue Suche"
"New Set Name","Neuer Set Name"
"New Subcategory","Neue Unterkategorie"
"Next","Weiter"
"No","Nein"
"No image","Kein Bild"
"No layout updates","Keine Layout Aktualisierungen"
"None","Keine"
"No options of this product are available.","Für diesen Artikel sind keine Optionen verfügbar."
"No product collections found.","Keine Artikel Kollektionen gefunden."
"Notify for Quantity Below","Benachrichtigung bei Menge unter"
"Notify Low Stock RSS","RSS-Benachrichtigung bei niedrigem Lagerbestand"
"Not Visible Individually","Einzeln nicht sichtbar"
"Number of Products per Page","Anzahl Produkte pro Seite"
"Number of Products to Display","Anzahl der Produkte zum Anzeigen"
"Number of results","Anzahl der Ergebnisse"
"Number of results (For the last time placed)","Anzahl der Ergebnisse (bei der letzten Abfrage)"
"Number of Uses","Anzahl der Verwendungen"
"OK","I'm ready to translate. Please provide the content to be translated."
"Old Price:","Alter Preis:"
"On Gesture","Bei Mausaktion"
"Option:","Option:"
"Options","Optionen"
"Options Control","Optionenkontrolle"
"Options is required","Bitte wählen Sie eine Option"
"Option validation failed to add product to cart.","Optionsprüfung fehlgeschlagen beim Hinzufügen zum Warenkorb."
"Option values","Optionswerte"
"OR","ODER"
"Our customer service is available 24/7. Call us at (555) 555-0123.","Unser Kunden-Service ist 24/7 erreichbar. Kontaktieren Sie uns unter (555)555-0123."
"Out of Stock","Nicht auf Lager"
"Out of stock","Nicht lieferbar"
"Page Title Separator","Seitentitel-Trenner"
"Parent Category","Übergeordnete Kategorie"
"Parent category is equal to child category.","Parent category is equal to child category."
"Parent category was not found.","Parent category was not found."
"Pending","Ausstehend"
"Pending Reviews RSS","Ausstehende Kundenmeinungen RSS"
"Percentage","Prozentsatz"
"per page","pro Seite"
"Please add rows to option.","Bitte fügen Sie Zeilen zur Option hinzu."
"Please be careful as once you click on the row it will load package data form the selected file and all unsaved form data will be lost.","ACHTUNG: Bei einem Klick auf die Zeile werden die Paketdaten geladen und überschreiben alle ungespeicherten Formulardaten!"
"Please click on the Close Window button if it is not closed automatically.","Bitte klicken Sie auf den Fenster schließen Button falls es nicht automatisch schließen sollte."
"Please refresh ""Catalog URL Rewrites"" and ""Product Attributes"" in System -&gt; <a href=""%s"">Index Management</a>","Bitte aktualisieren Sie ""Katalog-URL-Rewrites"" und ""Artikelattribute"" in System -&gt; <a href=""%s"">Indexverwaltung</a>"
"Please refresh ""Product Attributes"" in System -&gt; <a href=""%s"">Index Management</a>","Bitte aktualisieren Sie ""Artikelattribute"" in System -&gt; <a href=""%s"">Indexverwaltung</a>"
"Please select a parent category before adding a new one.","Please select a parent category before adding a new one."
"Please select a static block ...","Bitte wählen Sie einen Block …"
"Please select items.","Bitte wählen Sie Artikel"
"Please select one or more attributes.","Bitte wählen Sie ein oder mehrere Attribut(e)"
"Please select product(s).","Bitte Artikel auswählen"
"Please select products for attributes update","Bitte wählen Sie ein oder mehrere Artikel für Attributaktualisierungen"
"Please set up merge date/time","Bitte stellen Sie den Zeitpunkt des Zusammenführens ein."
"Please set up merge date/time later then present date","Bitte stellen Sie den Zeitpunkt des Zusammenführens auf einen späteren Zeitpunkt als jetzt ein."
"Please specify date required option(s).","Bitte geben Sie die Datums Option(en) ein."
"Please specify date required option <em>%s</em>.","Bitte geben Sie das erforderliche Datum an <em>%s</em>."
"Please specify the number of products, that will not be divided into subintervals.","Bitte geben Sie die Anzahl der Produkte an, die nicht in Teilintervalle unterteilt wird."
"Please specify the product's option(s).","Bitte wählen Sie die Artikeloptionen aus."
"Please specify the product's required option(s).","Bitte wählen Sie die Artikel-Pflichtangaben aus."
"Please specify the product required option(s)","Bitte wählen Sie die Artikel-Pflichtangaben."
"Please specify the product required option(s).","Bitte benötigte Artikeloptionen auswählen."
"Please specify the product required option <em>%s</em>.","Bitte geben Sie das erforderliche Produkt an <em>%s</em>."
"Please specify the quantity of product(s).","Bitte geben Sie die Anzahl der Produkte ein."
"Please specify time required option(s).","Bitte geben Sie die Zeit Option(en) ein."
"Please specify time required option <em>%s</em>.","Bitte geben Sie die erforderliche Zeit an Option <em>%s</em>."
"Please wait...","Bitte warten..."
"PM","Nachmittags (p.m.)"
"Position","Reihenfolge"
"Position in Layered Navigation","Position in Filternavigation"
"Position of attribute in layered navigation block","Position des Attributs in Filter-Navigation"
"Prev","Zurück"
"Previous","Zurück"
"Price","Preis"
"Price:","Preis:"
"Price: %s","Preis: %s"
"Price is not available","Preis ist nicht verfügbar"
"Price Navigation Step Calculation","Preisnavigationsschritt-Berechnung"
"Price Type","Preistyp"
"Price values for options should be specified in system base currency.","Preisangaben für Optionen sollten in der im Shop eingestellten Basis-Währung eingegeben werden."
"Product","Produkt"
"Product Alerts","Artikelbenachrichtigungen"
"Product API","Artikel-API"
"Product Attribute","Artikelattribut"
"Product Attributes","Artikelattribute"
"Product attributes API","Artikelattribut API"
"Product attribute sets API","Artikel-Attributset API"
"Product Categories","Produkt-Kategorien"
"Product collection expected.","Artikelkollektion erwartet"
"Product Description","Artikelbeschreibung"
"Product Extra Info","Artikel Zusatz-Info"
"Product Flat Data","Produkt-Flat-Daten"
"Product ID","Artikelnummer"
"Product Image","Artikelbild"
"Product Image Placeholders","Platzhalter für Artikelbilder"
"Product Images","Artikelbilder"
"Product Images API","Artikelbilder-API"
"Product Image Watermarks","Produktbild-Wasserzeichen"
"Product Info Column","Produktinfo-Spalte"
"Product Information","Artikelinformationen"
"Product In Websites","Produkt auf Webseiten"
"Product is not loaded","Produkt nicht geladen"
"Product Link Block Template","Produktlink - Blockvorlage"
"Product Link Inline Template","Produktlink - Inlinevorlage"
"Product links API (related, cross sells, up sells)","Artikellink-API (Ähnliches, Cross-Selling, Up-Selling)"
"Product Listing Sort by","Artikelliste sortiert nach"
"Product Name","Artikelname"
"Product Prices","Artikel Preise"
"Product Reviews","Produktrezensionen"
"Products","Artikel"
"products","Artikel"
"Products Comparison List","Produkt-Vergleichsliste"
"Products Information","Produkt-Informationen"
"Products only","Nur Produkte"
"Products per Page on Grid Allowed Values","Artikel pro Seite (erlaubte Werte für Gitter)"
"Products per Page on Grid Default Value","Artikel pro Seite (Standardwerte Werte für Gitter)"
"Products per Page on List Allowed Values","Artikel pro Seite (erlaubte Werte für Liste)"
"Products per Page on List Default Value","Artikel pro Seite (Standardwerte Werte für Liste)"
"Products Reviews","Produkt-Bewertungen"
"Products Sitemap","Artikel Sitemap"
"Product Tags","Schlagworte"
"Product Tier Price API","Artikelstaffelpreis API"
"Product Type","Artikeltyp"
"Product types API","Artikelarten API"
"Product URL Suffix","Produkt-URL-Suffix"
"Product View Extra Hint","Artikelansicht Zusatz-Pfad"
"Product with this combination of attributes already associated to configurable.","Artikelkombination mit Attributen existiert bereits im konfigurierbaren Artikel."
"Properties","Eigenschaften"
"px.","px"
"Qty","Menge"
"Qty:","Menge:"
"Qty for Item's Status to Become Out of Stock","Stückzahl für ""Nicht auf Lager""-Status"
"Qty Increments","Anzahl erhöhen"
"Qty Uses Decimals","Menge verwendet Dezimalzahlen"
"Quantity","Menge"
"Quick Create","Schnellanlegen"
"Quick Overview","Kurzübersicht"
"Quick simple product creation","Schnell einfache Artikel anlegen"
"Records for ""%s"" store found.","Einträge für Store %s gefunden."
"Redirect","Weiterleitung"
"Redirect URL","Umleitungs-URL"
"Regular Price:","Regulärer Preis:"
"Related Products","Verwandte Produkte"
"Remove","Entfernen"
"Remove attribute from attribute set","Attribut aus Attributset entfernen"
"Remove attribute set","Attributset löschen"
"Remove custom option","Individualisierungsoption löschen"
"Remove group from attribute set","Gruppe aus Attributset entfernen"
"Remove option","Option löschen"
"Remove product assignment","Artikelzuweisungen entfernen"
"Remove Product From Websites","Produkt von Webseiten entfernen"
"Remove product image","Artikelbilder"
"Remove product link","Artikellink entfernen"
"Remove This Item","Diesen Artikel entfernen"
"Remove value from custom option","Wert aus Individualisierungsoption löschen"
"Rename existing group","Bestehende Gruppe umbenennen"
"Rename group","Gruppe umbenennen"
"Reorganize EAV category structure to flat structure","Neuzuordnung der EAV-Kategorie-Struktur zur Flat-Struktur"
"Reorganize EAV product structure to flat structure","Neuzuordnung der EAV-Produkt-Struktur zur Flat-Struktur"
"Reset","Zurücksetzen"
"Results","Ergebnisse"
"Results per page","Ergebnisse pro Seite"
"Retrieve attribute data","Attributdaten abfragen"
"Retrieve attribute list","Attributliste abrufen"
"Retrieve attribute options","Optionen für Attribute abrufen"
"Retrieve categories tree","Kategoriebaum abfragen"
"Retrieve category attributes","Kategorieattribute abrufen"
"Retrieve category data","Kategoriedaten abrufen"
"Retrieve hierarchical tree","Hierarchischen Baum abrufen"
"Retrieve linked products","Verknüpfte Artikel abrufen"
"Retrieve list of assigned products","Liste mit zugewiesenen Artikeln abrufen"
"Retrieve list of option values","Liste aller Optionswerte abfragen"
"Retrieve list of product custom options","Liste aller Individualisierungsoptionen abfragen"
"Retrieve one level of categories by website/store view/parent category","Eine Ebene von Kategorien pro Website/StoreView/Überkategorie"
"Retrieve option value info","Optionswertinformationen abfragen"
"Retrieve product","Artikel abrufen"
"Retrieve product attribute sets","Artikel-Attributsets abrufen"
"Retrieve product image","Artikelbild abrufen"
"Retrieve product image list","Artikelbildliste abrufen"
"Retrieve product image types","Artikelbildtypen abrufen"
"Retrieve product link type attributes","Attribute des Artikellinktyps abrufen"
"Retrieve product link types","Artikellinktypen abrufen"
"Retrieve products data","Artikeldaten abfragen"
"Retrieve products list by filters","Artikelliste gemäß Filter abrufen"
"Retrieve product tier prices","Artikelstaffelpreise abrufen"
"Retrieve product types","Artikeltypen abrufen"
"Reviews","Bewertungen"
"Roll Over for preview","Mit der Maus überfahren für Vorschau"
"Root","Wurzel"
"Save","Speichern"
"save","Speichern"
"Save and Continue Edit","Speichern und weiter bearbeiten"
"Save Attribute","Attribut speichern"
"Save Attribute Set","Attributset speichern"
"Save Category","Kategorie speichern"
"Saved %d record(s)","%d gespeicherte Einträge"
"Save Search","Suche speichern"
"Scope","Geltungsbereich"
"Scope must not be changed, because the attribute is used in configurable products.","Geltungsbereich darf nicht geändert werden, da das Attribut in konfigurierbaren Artikeln benutzt wird."
"Search","Suche"
"Searchable","Durchsuchbar"
"Search Engine Optimizations","Suchmaschinen Optimierung"
"Search Information","Suchinformationen"
"Search Query","Weiterleitungs-URL"
"Search Term with such search query already exists.","Suche mit dieser Suchanfrage existiert bereits."
"Search Weight","Gewichtung in Suche"
"See price before order confirmation.","Siehe Preis vor Auftragsbestätigung."
"select all","alle auswählen"
"Select Category...","Wähle Kategorie..."
"Select Configurable Attributes ","Wählen Sie die konfigurierbaren Attribute"
"Selected Product Types","Ausgewählte Artikeltypen"
"Select Product...","Wähle Artikel..."
"Select type of option","Wählen Sie den Optionstyp"
"Select type options required values rows.","Typenoptionen für benötigte Wertezeilen auswählen."
"Send Count","Anzahl abschicken"
"Set/Get current store view","Aktuellen StoreView festlegen/abrufen"
"Set Ascending Direction","Aufsteigend sortieren"
"Set Descending Direction","Absteigend sortieren"
"Set Name","Setname"
"Set Root Category for Store","Root Kategorie setzen für den Store"
"Set root category for this store in the <a href=""%s"">configuration</a>","Rootkategorie für diesen Store in der <a href=""%s"">Konfiguration</a> festlegen"
"Set special price","Sonderpreis festlegen"
"Settings","Einstellungen"
"Share Facebook","Facebook-Teilen"
"Share on Facebook","Auf Facebook teilen"
"Share on Twitter","Auf Twitter teilen"
"Shop By","Einkaufsoptionen"
"Shopping Options","Shopping-Möglichkeiten"
"Show","Zeige"
"Show Details","Details anzeigen"
"Show Tags","Schlagworte anzeigen"
"Simple Product","Einfacher Artikel"
"Site Map","Sitemap"
"Sitemap","Seitenplan"
"Skip import row, is not valid value ""%s"" for field ""%s""","Importzeile übersprungen, ""%s"" ist kein gültiger Wert für das Feld ""%s"""
"Skip import row, required field ""%s"" for the new customer is not defined.","Importzeile übersprungen, Pflichtfeld ""%s"" für neuen Kunden wurde nicht angegeben."
"Skip import row, the value ""%s"" is invalid for field ""%s""","Importzeile übersprungen, der Wert ""%s"" ist nicht gültig für das Feld ""%s"""
"Skipping import row, required field ""%s"" for new products is not defined.","Importzeile übersprungen, Pflichtfeld ""%s"" für neue Artikel wurde nicht angegeben."
"Skipping import row, required field ""%s"" is not defined.","Importzeile übersprungen, Pflichtfeld ""%s"" wurde nicht angegeben."
"Skipping import row, store ""%s"" field does not exist.","Importzeile übersprungen, Store ""%s"" Feld existiert nicht."
"Skipping import row, the value ""%s"" is not valid for the ""%s"" field.","Importzeile übersprungen, ""%s"" ist kein gültiger Wert für das Feld ""%s""."
"SKU","Artikelnummer"
"SKU length should be %s characters maximum.","Artikelnummer sollte nicht länger als %s Zeichen sein."
"Small Image Width","Kategoriebildbreite"
"Some of the processed products have no SKU value defined. Please fill it prior to performing operations on these products.","Einige der verarbeiteten Artikel besitzen keine SKU. Bitte füllen Sie dieses Feld aus, bevor Sie weitere Aktionen an diesen Artikeln ausführen."
"Some of the selected item options are not currently available.","Einige der ausgewählten Elementoptionen sind nicht verfügbar."
"Sort By","Sortieren nach"
"Sort Order","Sortierreihenfolge"
"Source Model","Modelquelle"
"Special Expires On: %s","Sonderpreis läuft ab am: %s"
"Special Price:","Sonderpreis:"
"Special Price: %s","Sonderpreis: %s"
"Starting at:","Ab:"
"Static","Statisch"
"Static block and products","Statischer Block und Produkte"
"Static block only","Nur statischer Block"
"Status","Status"
"Stock Availability","Lagerverfügbarkeit"
"Store","Shop"
"Store View","StoreView"
"Stretch","Strecken"
"Subscribe to RSS Feed","RSS Feed abonnieren"
"Super product attributes configuration","Super-Artikel Attributkonfiguration"
"Synonym For","Synonym für"
"System Properties","Systemeigenschaften"
"Tag Name","Schlagwortname"
"Tax","Steuer"
"Template","Vorlage"
"Text","Text"
"The attribute code '%s' is reserved by system. Please try another attribute code","Der Attributecode '%s' ist dem System vorbehalten. Bitte verwenden Sie einen anderen Attributcode"
"The attribute model is not defined","Das Attribut Model ist nicht festgelegt"
"The attribute set has been saved.","Das Attribut-Set wurde gespeichert."
"The base directory to upload file is not specified.","Das Basis-Verzeichnis für Datei-Uploads ist nicht angegeben."
"The category has been deleted.","Die Kategorie wurde gelöscht."
"The category has been saved.","Die Kategorie wurde gespeichert."
"The comparison list was cleared.","Die Vergleichsliste wurde geleert."
"The file '%s' for '%s' has an invalid extension","Die Datei '%s' für '%s' besitzt eine ungültige Dateiendung"
"The file '%s' you uploaded is larger than %s Megabytes allowed by server","Die Datei '%s' die Sie hochladen wollen ist größer als die maximal zulässigen %s Megabyte"
"The file you uploaded is larger than %s Megabytes allowed by server","Die Datei die Sie hochladen wollen ist größer als die maximal zulässigen %s Megabyte"
"The filters must be an array.","Die Filter müssen ein Array sein."
"The Flat Catalog module has a limit of %2\$d filterable and/or sortable attributes. Currently there are %1\$d of them. Please reduce the number of filterable/sortable attributes in order to use this module","Das Flat-Katalog-Modul hat eine Begrenzung von %2\$d filterbaren und/oder sortierbaren Attributen. Derzeit gibt es %1\$d davon. Bitte reduzieren Sie die Anzahl der filterbaren/sortierbaren Attribute, um dieses Modul zu verwenden."
"The From Date value should be less than or equal to the To Date value.","Das Startdatum sollte vor dem oder am Enddatum liegen."
"The image contents is not valid base64 data.","Der Bildinhalt ist keine gültige Base64 Datei."
"The image is not specified.","Das Bild ist nicht festgelegt."
"The model collection resource name is not defined.","Der Ressource Name der Model-Collection ist nicht definiert."
"The product %s has been added to comparison list.","Der Artikel %s wurde der Vergleichsliste hinzugefügt."
"The product %s has been removed from comparison list.","Der Artikel %s wurde von der Vergleichsliste entfernt."
"The product attribute has been deleted.","Das Artikelattribut wurde gelöscht."
"The product attribute has been saved.","Das Artikelattribut wurde gespeichert."
"The product has been created.","Der Artikel wurde angelegt."
"The product has been deleted.","Der Artikel wurde gelöscht."
"The product has been duplicated.","Der Artikel wurde kopiert."
"The product has been saved.","Der Artikel wurde gespeichert."
"The product has required options","Der Artikel hat Pflicht-Optionen"
"There are no %s available.","Keine %s verfügbar."
"There are no customers for this alert","Es sind keine Kunden für diesen Alarm vorhanden"
"There are no customers for this alert.","Es sind keine Kunden für diese Warnung vorhanden."
"There are no products matching the selection.","Es stehen keine Artikel entsprechend der Auswahl bereit."
"The review has been deleted","Die Kundenmeinung wurde gelöscht"
"The review has been saved.","Die Kundenmeinung wurde gespeichert."
"The review was removed by another user or does not exist.","Die Bewertung wurde von einem anderen User gelöscht oder existiert nicht."
"There was an error while request processing.","Während der Verarbeitung der Anfrage ist ein Fehler aufgetreten."
"The search was deleted.","Die Suche wurde gelöscht."
"The text is too long","Der Text ist zu lang"
"This attribute cannot be deleted.","Das Attribut kann nicht gelöscht werden."
"This attribute cannot be edited.","Dieses Attribut kann nicht bearbeitet werden."
"This attribute cannot be updated.","Das Attribut kann nicht aktualisiert werden."
"This attribute is used in configurable products.","Dieses Attribut wird in konfigurierbaren Produkten verwendet."
"This attribute is used in configurable products. You cannot remove it from the attribute set.","Dieses Attribut wird derzeit in konfigurierbaren Produkten verwendet. Sie können es nicht vom Attribut-Set entfernen."
"This Attribute no longer exists","Dieses Attribut existiert nicht mehr"
"This attribute no longer exists","Dieses Attribut existiert nicht mehr"
"This attribute set no longer exists.","Dieses Attribut-Set existiert nicht mehr."
"This category no longer exists.","This category no longer exists."
"This is a required option","Das ist eine benötigte Option/Auswahl"
"This product no longer exists.","Dieser Artikel existiert nicht mehr."
"This search no longer exists.","Diese Suche existiert nicht mehr."
"This setting will be applied when all prices in the specific price interval are equal.","Diese Einstellung wird angewendet, wenn alle Preise im angegebenen Preisintervall gleich sind."
"Thumbnail","Thumbnail"
"Tier Pricing","Staffelpreise"
"Tile","Kachel"
"Time Format","Zeitformat"
"Title","Titel"
"Top/Left","Oben/Links"
"Top/Right","Oben/Rechts"
"To reindex the enabled product(s), the store or product must be specified","Um die ausgewählten Artikel neu zu indizieren, müssen Store oder Artikel festgelegt sein."
"To see product price, add this item to your cart. You can always remove it later.","Um den Preis dieses Artikels zu sehen, legen Sie ihn bitte in Ihren Warenkorb. Sie können ihn später jederzeit wieder aus dem Warenkorb entfernen."
"Total incl. Tax: %1$s","Gesamt inkl. Steuern: %1$s"
"Total of %d record(s) have been deleted.","Insgesamt wurden %d Einträge erfolgreich gelöscht."
"Total of %d record(s) have been updated.","Insgesamt wurden %d Einträge erfolgreich aktualisiert."
"Total of %d record(s) were updated","Insgesamt wurden %d Einträge aktualisiert."
"Total Qty Base Items","Gesamtanzahl der Artikel bei Google Base"
"Total Qty Content Items","Gesamtzahl der enthaltenen Artikel"
"Type","Typ"
"Unable to complete this request.","Diese Anfrage konnte nicht verarbeitet werden."
"Unable to find an attribute to delete.","Es konnte keine Attribut zum Löschen gefunden werden."
"Unable to find a search term to delete.","Es konnte keine Suchanfrage zum Löschen gefunden werden."
"Unable to get the product ID.","Konnte Artikel-ID nicht ermitteln."
"Unassigned Attributes","Nicht zugewiesene Attribute"
"Unknown attribute: %s.","Unbekanntes Attribut: %s."
"Unknown EAV indexer type ""%s"".","Unbekannter EAV Indexer Typ ""%s""."
"unselect all","Auswahl aufheben"
"Unsupported product type ""%s"".","Nicht unterstützter Artikel Typ ""%s""."
"Up-sells","Up-Sells"
"Update","Aktualisieren"
"Update assigned product","Zugewiesenen Artikel aktualisieren"
"Update attribute","Attribut aktualisieren"
"Update Attributes","Attribute aktualisieren"
"Update attributes","Attribute aktualisieren"
"Update category","Kategorie aktualisieren"
"Update custom option of product","Individualisierungsoption des Artikels aktualisieren"
"Update product","Artikel aktualisieren"
"Update product image","Artikelbild aktualisieren"
"Update product link","Artikellink aktualisieren"
"Update product tier prices","Artikelstaffelpreise aktualisieren"
"Update Tier Price","Staffelpreise aktualisieren"
"Update value of custom option","Wert der Individualisierungsoption des Artikels aktualisieren"
"Upload new product image ","Neues Artikelbild hochladen "
"URL Rewrite Management","URL-Rewrite Management"
"Use Canonical Link Meta Tag For Categories","Canonical-Metatag für Kategorien verwenden"
"Use Canonical Link Meta Tag For Products","Canonical-Metatag für Produkte verwenden"
"Use Categories Path for Product URLs","Kategorie-Pfad für Produkt-URLs nutzen"
"Use config","Konfiguration verwenden"
"Use Config Settings","Konfigurationseinstellungen verwenden"
"Use default","Standard verwenden"
"Use Default Value","Standardwert verwenden"
"Used for Sorting in Product Listing","Für die Sortierung in der Artikelliste verfügbar"
"Used in Product Listing","In Artikelliste verwendet"
"Use Flat Catalog Category","Flache Kategorien-Tabelle nutzen"
"Use Flat Catalog Product","Flache Produkt-Tabelle nutzen"
"Use for Promo Rule Conditions","Für Preisregeln verwenden"
"Use four-digit year format.","4 stelliges Jahresformat verwenden."
"Use in Advanced Search","In erweiterter Suche verwenden"
"Use In Layered Navigation","In Filter-Navigation verwenden"
"Use in Layered Navigation","In Filternavigation verwenden"
"Use in Layered Navigation<br/>(Can be used only with catalog input type 'Dropdown')","In Filternavigation verwenden<br/>(Kann nur mit dem Eingabetyp 'Dropdown' verwendet werden)"
"Use in Quick Search","In Schnellsuche verwenden"
"Use In Search Results Layered Navigation","Filternavigation auf Suchergebnisseiten verweden"
"Use JavaScript Calendar","Javascript-Kalender verwenden"
"Use Static URLs for Media Content in WYSIWYG for Catalog","Verwende Statische URLs für Medieninhalte im WYSIWYG für den Katalog"
"Use To Create Configurable Product","Für das Anlegen von konfigurierbaren Artikeln verwenden"
"Use Tree Like Category Sitemap","Kategorie-Sitemap in Baumansicht verwenden"
"Value for ""%s"" is invalid.","Wert für ""%s"" ist ungültig."
"Value for ""%s"" is invalid: %s","Wert für ""%s"" ist ungültig:"
"Varchar","Varchar (Zeichenfolge variabler Länge)"
"View All Products","View All Products"
"View as","Anzeigen als"
"View Details","Details anzeigen"
"View image %s","View image %s"
"Virtual Product","Virtueller Artikel"
"Visibility","Sichtbarkeit"
"Visible","Sichtbar"
"Visible on Catalog Pages on Front-end","Sichtbar auf Kategorieseiten im Shop"
"Visible on Product View Page on Front-end","Sichtbar auf der Artikeldetail-Seite im Shop"
"Watermark","Wasserzeichen"
"Watermark Default Size","Wasserzeichen Standardgröße"
"Watermark Opacity, Percent","Wasserzeichen Deckkraft in Prozent (%)"
"Watermark Position","Wasserzeichen Position"
"We Also Recommend","Wir empfehlen auch"
"Website","Webseite"
"Website Item Must be checked","Website muss ausgewählt sein"
"Websites","Webseiten"
"Website Store Must be checked","Store muss ausgewählt sein"
"What's this?","Was ist das?"
"When enabled, associated products are automatically recalculated when reindex runs.","When enabled, associated products are automatically recalculated when reindex runs."
"Whether to show ""All"" option in the ""Show X Per Page"" dropdown.","Soll die Auswahl ""alle Artikel anzeigen"" in der Auswahlbox ""Zeige x Artikel pro Seite"" erscheinen?"
"Will make search for the query above return results for this search.","Die Suche mit der oben genannten Anfrage gibt die Ergebnisse für die nachfolgende Suche zurück."
"Wrong BuyRequest instance in options group.","Falsche Kaufanfrage Instanz in der Optionsgruppe."
"Wrong configuration item instance in options group.","Falsche Konfigurationsinstanz in der Optionsgruppe."
"Wrong configuration item option instance in options group.","Falsche Konfiguration-Optionsinstanz in der Optionsgruppe."
"Wrong option instance type in options group.","Falscher Optionsinstanztyp in der Optionsgruppe."
"Wrong option type to get group instance.","Falscher Options-Typ, um die Gruppen-Instanz zu erhalten."
"Wrong product instance type in options group.","Falscher Artikelinstanztyp in der Optionsgruppe."
"Wrong product type filter specified","Falscher Artikeltyp Filter festgelegt"
"Wrong product type to extract configurable options.","Falscher Artikeltyp zur Abfrage der konfigurierbaren Optionen."
"WYSIWYG Editor","WYSIWYG-Editor"
"x","x"
"Year Range","Jahrebereich"
"Yes","Ja"
"You have no items to compare.","Sie haben keine Artikel zum vergleichen."
"You may also be interested in the following product(s)","Sie könnten auch an folgenden Artikeln interessiert sein"
"You saved the search term.","Sie haben den Suchbegriff gespeichert."
"Zoom In","Vergrößern"
"Zoom Out","Verkleinern"
